name,category,city,website,slugs,ats,token,source
Sarvam AI,ai-native,Bengaluru,,sarvamai sarvam-ai sarvam,ashby,sarvam,curated
Krutrim,ai-native,Bengaluru,,krutrim olakrutrim,,,curated
Haptik,ai-native,Mumbai,,haptik,,,curated
Yellow.ai,ai-native,Bengaluru,,yellowai yellow-ai yellowmessenger,,,curated
Gupshup,ai-native,Bengaluru,,gupshup,,,curated
Uniphore,ai-native,Chennai,,uniphore,,,curated
Observe.AI,ai-native,Bengaluru,,observeai observe-ai,,,curated
Vue.ai,ai-native,Chennai,,vueai vue-ai madstreetden,,,curated
Arya.ai,ai-native,Mumbai,,aryaai arya-ai,,,curated
Saarthi.ai,ai-native,Bengaluru,,saarthiai saarthi-ai,,,curated
Skit.ai,ai-native,Bengaluru,,skitai skit-ai vernacularai,,,curated
Qure.ai,ai-native,Mumbai,,qureai qure-ai,,,curated
Niramai,ai-native,Bengaluru,,niramai,,,curated
SigTuple,ai-native,Bengaluru,,sigtuple,,,curated
Mihup,ai-native,Kolkata,,mihup,,,curated
Gnani.ai,ai-native,Bengaluru,,gnaniai gnani-ai,,,curated
Reverie Language Technologies,ai-native,Bengaluru,,reverielanguagetechnologies reverie-language-technologies reverie,,,curated
Atomicwork,ai-native,Bengaluru,,atomicwork,,,curated
Composio,ai-native,Bengaluru,,composio,ashby,composio,curated
Giga,ai-native,Bengaluru,,giga gigaml,,,curated
Lyzr,ai-native,Bengaluru,,lyzr lyzrai,,,curated
CoRover,ai-native,Bengaluru,,corover,,,curated
Avaamo,ai-native,Bengaluru,,avaamo,,,curated
Nanonets,ai-native,Bengaluru,,nanonets,,,curated
Docsumo,ai-native,Bengaluru,,docsumo,,,curated
Infrrd,ai-native,Bengaluru,,infrrd,,,curated
HyperVerge,ai-native,Bengaluru,,hyperverge,,,curated
IDfy,ai-native,Mumbai,,idfy,,,curated
Signzy,ai-native,Bengaluru,,signzy,,,curated
Perfios,ai-native,Bengaluru,,perfios,,,curated
FinBox,ai-native,Bengaluru,,finbox finboxio,,,curated
Scienaptic AI,ai-native,Bengaluru,,scienapticai scienaptic-ai scienaptic,,,curated
Bobble AI,ai-native,Gurugram,,bobbleai bobble-ai bobble,,,curated
Pixis,ai-native,Bengaluru,,pixis pixisai,,,curated
Rocketium,ai-native,Bengaluru,,rocketium,,,curated
Netradyne,ai-native,Bengaluru,,netradyne,,,curated
Ati Motors,ai-native,Bengaluru,,atimotors ati-motors,,,curated
CynLr,ai-native,Bengaluru,,cynlr,,,curated
TrueFoundry,ai-native,Bengaluru,,truefoundry,,,curated
Simplismart,ai-native,Bengaluru,,simplismart,,,curated
Neysa,ai-native,Mumbai,,neysa neysanetworks,,,curated
E2E Networks,ai-native,Delhi,,e2enetworks e2e-networks,,,curated
LimeChat,ai-native,Gurugram,,limechat,,,curated
Verloop.io,ai-native,Bengaluru,,verloopio verloop-io verloop,,,curated
Kapture CX,ai-native,Bengaluru,,kapturecx kapture-cx,,,curated
Engati,ai-native,Bengaluru,,engati,,,curated
AiSensy,ai-native,Gurugram,,aisensy,,,curated
Wati,ai-native,Bengaluru,,wati clare.ai,,,curated
SquadStack,ai-native,Noida,,squadstack,,,curated
Spyne,ai-native,Gurugram,,spyne spyneai,,,curated
Gan.ai,ai-native,Bengaluru,,ganai gan-ai,,,curated
Wadhwani AI,ai-native,Mumbai,,wadhwaniai wadhwani-ai,,,curated
Fractal Analytics,ai-native,Mumbai,,fractalanalytics fractal-analytics fractal,,,curated
Tredence,ai-native,Bengaluru,,tredence,,,curated
Sigmoid,ai-native,Bengaluru,,sigmoid,,,curated
Quantiphi,ai-native,Mumbai,,quantiphi,,,curated
LatentView Analytics,ai-native,Chennai,,latentviewanalytics latentview-analytics latentview,,,curated
Tiger Analytics,ai-native,Chennai,,tigeranalytics tiger-analytics,,,curated
MathCo,ai-native,Bengaluru,,mathco themathcompany,,,curated
Gramener,ai-native,Hyderabad,,gramener,,,curated
Crayon Data,ai-native,Chennai,,crayondata crayon-data,,,curated
Detect Technologies,ai-native,Chennai,,detecttechnologies detect-technologies,,,curated
Avataar,ai-native,Bengaluru,,avataar,,,curated
Dashtoon,ai-native,Bengaluru,,dashtoon,,,curated
Smallest.ai,ai-native,Bengaluru,,smallestai smallest-ai,,,curated
Bolna,ai-native,Bengaluru,,bolna bolnaai,,,curated
Dubverse,ai-native,Delhi,,dubverse,,,curated
Segwise,ai-native,Bengaluru,,segwise,,,curated
Pipeshift,ai-native,Bengaluru,,pipeshift,,,curated
Jivi,ai-native,Delhi,,jivi jiviai,,,curated
Leena AI,ai-native,Gurugram,,leenaai leena-ai,,,curated
Darwix AI,ai-native,Gurugram,,darwixai darwix-ai darwix,,,curated
Convin,ai-native,Bengaluru,,convin convinai,,,curated
Salesken,ai-native,Bengaluru,,salesken,,,curated
Enterpret,ai-native,Bengaluru,,enterpret,,,curated
Fireflies.ai,ai-native,Remote,,firefliesai fireflies-ai fireflies,,,curated
Rezo.ai,ai-native,Noida,,rezoai rezo-ai rezo,,,curated
NeuroPixel.AI,ai-native,Bengaluru,,neuropixelai neuropixel-ai neuropixel,,,curated
GreyOrange,ai-native,Gurugram,,greyorange,,,curated
Addverb,ai-native,Noida,,addverb addverbtech,,,curated
Unbox Robotics,ai-native,Pune,,unboxrobotics unbox-robotics,,,curated
Sastra Robotics,ai-native,Kochi,,sastrarobotics sastra-robotics,,,curated
Genrobotics,ai-native,Thiruvananthapuram,,genrobotics,,,curated
Planys Technologies,ai-native,Chennai,,planystechnologies planys-technologies planys,,,curated
Innoplexus,ai-native,Pune,,innoplexus,,,curated
Tracxn,ai-native,Bengaluru,,tracxn,,,curated
Toplyne,ai-native,Bengaluru,,toplyne,,,curated
Kissan AI,ai-native,Bengaluru,,kissanai kissan-ai,,,curated
Jugalbandi,ai-native,Bengaluru,,jugalbandi,,,curated
CogniCor,ai-native,Bengaluru,,cognicor,,,curated
Postman,devtools-infra,Bengaluru,,postman getpostman,,,curated
BrowserStack,devtools-infra,Mumbai,,browserstack,,,curated
LambdaTest,devtools-infra,Noida,,lambdatest,,,curated
Hasura,devtools-infra,Bengaluru,,hasura,,,curated
Appsmith,devtools-infra,Bengaluru,,appsmith,,,curated
ToolJet,devtools-infra,Remote,,tooljet,,,curated
SigNoz,devtools-infra,Bengaluru,,signoz,,,curated
Middleware,devtools-infra,Bengaluru,,middleware middlewareio,,,curated
Plane,devtools-infra,Bengaluru,,plane makeplane,,,curated
Hoppscotch,devtools-infra,Remote,,hoppscotch,,,curated
Requestly,devtools-infra,Bengaluru,,requestly,,,curated
Keploy,devtools-infra,Bengaluru,,keploy,,,curated
Dyte,devtools-infra,Bengaluru,,dyte dyteio,,,curated
100ms,devtools-infra,Bengaluru,,100ms,lever,100ms,curated
Fynd,devtools-infra,Mumbai,,fynd gofynd,,,curated
Shipsy,devtools-infra,Gurugram,,shipsy,,,curated
Devtron,devtools-infra,Gurugram,,devtron devtronlabs,,,curated
Last9,devtools-infra,Bengaluru,,last9,,,curated
Zenduty,devtools-infra,Bengaluru,,zenduty,,,curated
Squadcast,devtools-infra,Bengaluru,,squadcast,,,curated
Sprinto,devtools-infra,Bengaluru,,sprinto,,,curated
Scrut Automation,devtools-infra,Bengaluru,,scrutautomation scrut-automation scrut,,,curated
Setu,devtools-infra,Bengaluru,,setu setu.co,,,curated
Juspay,devtools-infra,Bengaluru,,juspay,,,curated
RudderStack,devtools-infra,Bengaluru,,rudderstack rudderlabs,,,curated
DronaHQ,devtools-infra,Mumbai,,dronahq,,,curated
Kissflow,devtools-infra,Chennai,,kissflow,,,curated
Facilio,devtools-infra,Chennai,,facilio,,,curated
DeepSource,devtools-infra,Bengaluru,,deepsource,,,curated
CodeRabbit,devtools-infra,Remote,,coderabbit coderabbitai,,,curated
SuprSend,devtools-infra,Bengaluru,,suprsend,,,curated
OpenObserve,devtools-infra,Bengaluru,,openobserve,,,curated
Zipy,devtools-infra,Bengaluru,,zipy zipyai,,,curated
Signeasy,devtools-infra,Bengaluru,,signeasy,,,curated
Appwrite,devtools-infra,Remote,,appwrite,,,curated
Polygon,devtools-infra,Bengaluru,,polygon polygontechnology polygonlabs,,,curated
Biconomy,devtools-infra,Bengaluru,,biconomy,,,curated
Router Protocol,devtools-infra,Remote,,routerprotocol router-protocol,,,curated
Hevo Data,devtools-infra,Bengaluru,,hevodata hevo-data,,,curated
Atlan,devtools-infra,Bengaluru,,atlan,ashby,atlan,curated
Draup,devtools-infra,Bengaluru,,draup,,,curated
Rocketlane,devtools-infra,Chennai,,rocketlane,,,curated
Zuddl,devtools-infra,Bengaluru,,zuddl,,,curated
Hubilo,devtools-infra,Bengaluru,,hubilo,,,curated
Airmeet,devtools-infra,Bengaluru,,airmeet,,,curated
SuperOps,devtools-infra,Chennai,,superops superopsai,,,curated
Zluri,devtools-infra,Bengaluru,,zluri,,,curated
Fyle,devtools-infra,Bengaluru,,fyle fylehq,,,curated
Exotel,devtools-infra,Bengaluru,,exotel,,,curated
Ozonetel,devtools-infra,Hyderabad,,ozonetel,,,curated
Knowlarity,devtools-infra,Gurugram,,knowlarity,,,curated
Instamojo,devtools-infra,Bengaluru,,instamojo,,,curated
Dukaan,devtools-infra,Bengaluru,,dukaan mydukaan,,,curated
Amagi,devtools-infra,Bengaluru,,amagi amagimedia,,,curated
Tejas Networks,devtools-infra,Bengaluru,,tejasnetworks tejas-networks,,,curated
Saankhya Labs,devtools-infra,Bengaluru,,saankhyalabs saankhya-labs,,,curated
Mindgrove Technologies,devtools-infra,Chennai,,mindgrovetechnologies mindgrove-technologies mindgrove,,,curated
Netrasemi,devtools-infra,Kochi,,netrasemi,,,curated
Signalchip,devtools-infra,Bengaluru,,signalchip,,,curated
Ola Electric,devtools-infra,Bengaluru,,olaelectric ola-electric,,,curated
Freshworks,saas,Chennai,,freshworks,,,curated
Zoho,saas,Chennai,,zoho,,,curated
Chargebee,saas,Chennai,,chargebee,,,curated
Darwinbox,saas,Hyderabad,,darwinbox,,,curated
Keka,saas,Hyderabad,,keka kekahr,,,curated
LeadSquared,saas,Bengaluru,,leadsquared,,,curated
Capillary Technologies,saas,Bengaluru,,capillarytechnologies capillary-technologies capillary,,,curated
MoEngage,saas,Bengaluru,,moengage,,,curated
CleverTap,saas,Mumbai,,clevertap,,,curated
WebEngage,saas,Mumbai,,webengage,,,curated
Netcore Cloud,saas,Mumbai,,netcorecloud netcore-cloud netcore,,,curated
Wingify,saas,Delhi,,wingify vwo,,,curated
Zenoti,saas,Hyderabad,,zenoti,,,curated
Mindtickle,saas,Pune,,mindtickle,,,curated
Whatfix,saas,Bengaluru,,whatfix,,,curated
Icertis,saas,Pune,,icertis,,,curated
HighRadius,saas,Hyderabad,,highradius,,,curated
Druva,saas,Pune,,druva,,,curated
Innovaccer,saas,Noida,,innovaccer,,,curated
Sprinklr,saas,Gurugram,,sprinklr,,,curated
Spotdraft,saas,Bengaluru,,spotdraft,,,curated
Leegality,saas,Gurugram,,leegality,,,curated
Recruit CRM,saas,Remote,,recruitcrm recruit-crm,,,curated
Springworks,saas,Bengaluru,,springworks,,,curated
Vantage Circle,saas,Guwahati,,vantagecircle vantage-circle,,,curated
Plum,saas,Bengaluru,,plum plumhq plumhealth,,,curated
greytHR,saas,Bengaluru,,greythr greytip,,,curated
Zimyo,saas,Gurugram,,zimyo,,,curated
HROne,saas,Noida,,hrone,,,curated
Vymo,saas,Bengaluru,,vymo,,,curated
MyOperator,saas,Noida,,myoperator,,,curated
Shopflo,saas,Bengaluru,,shopflo,,,curated
GoKwik,saas,Delhi,,gokwik,,,curated
ClickPost,saas,Noida,,clickpost,,,curated
FarEye,saas,Noida,,fareye,,,curated
Locus,saas,Bengaluru,,locus locussh,,,curated
LogiNext,saas,Mumbai,,loginext,,,curated
Unicommerce,saas,Gurugram,,unicommerce,,,curated
Increff,saas,Bengaluru,,increff,,,curated
Bik.ai,saas,Bengaluru,,bikai bik-ai,,,curated
Interakt,saas,Mumbai,,interakt,,,curated
Route Mobile,saas,Mumbai,,routemobile route-mobile,,,curated
Tanla Platforms,saas,Hyderabad,,tanlaplatforms tanla-platforms tanla,,,curated
Beaconstac,saas,Bengaluru,,beaconstac uniqode,,,curated
Mailmodo,saas,Bengaluru,,mailmodo,,,curated
Kylas,saas,Pune,,kylas,,,curated
Exly,saas,Delhi,,exly,,,curated
Classplus,saas,Noida,,classplus,,,curated
Teachmint,saas,Bengaluru,,teachmint,,,curated
Toddle,saas,Bengaluru,,toddle toddleapp,,,curated
Planful,saas,Hyderabad,,planful,,,curated
Tekion,saas,Bengaluru,,tekion,,,curated
ThoughtSpot,saas,Bengaluru,,thoughtspot,,,curated
Gainsight,saas,Hyderabad,,gainsight,,,curated
Zeta,saas,Bengaluru,,zeta zetasuite,,,curated
M2P Fintech,saas,Chennai,,m2pfintech m2p-fintech m2p,,,curated
Mobile Premier League,saas,Bengaluru,,mobilepremierleague mobile-premier-league mpl,,,curated
Yubi,saas,Chennai,,yubi credavenue,,,curated
Lentra,saas,Pune,,lentra lentraai,,,curated
Credgenics,saas,Noida,,credgenics,,,curated
Vahan,saas,Bengaluru,,vahan vahanai,,,curated
Apna,saas,Mumbai,,apna apnaco,,,curated
Synup,saas,Hyderabad,,synup,,,curated
Wizikey,saas,Gurugram,,wizikey,,,curated
Clootrack,saas,Bengaluru,,clootrack,,,curated
Uolo,saas,Gurugram,,uolo,,,curated
Zoko,saas,Bengaluru,,zoko,,,curated
Razorpay,fintech,Bengaluru,,razorpay,,,curated
Cashfree Payments,fintech,Bengaluru,,cashfreepayments cashfree-payments cashfree,,,curated
PayU India,fintech,Gurugram,,payuindia payu-india payu,,,curated
Pine Labs,fintech,Noida,,pinelabs pine-labs,,,curated
BharatPe,fintech,Delhi,,bharatpe,,,curated
Open Financial,fintech,Bengaluru,,openfinancial open-financial bankopen open,,,curated
Jupiter,fintech,Bengaluru,,jupiter jupitermoney,,,curated
Fi Money,fintech,Bengaluru,,fimoney fi-money epifi,,,curated
Slice,fintech,Bengaluru,,slice sliceit,,,curated
Uni Cards,fintech,Bengaluru,,unicards uni-cards,,,curated
OneCard,fintech,Pune,,onecard fpltechnologies,,,curated
Navi,fintech,Bengaluru,,navi navitechnologies,,,curated
Jar,fintech,Bengaluru,,jar jarapp changejar,,,curated
Smallcase,fintech,Bengaluru,,smallcase,,,curated
INDmoney,fintech,Gurugram,,indmoney,,,curated
Upstox,fintech,Mumbai,,upstox,,,curated
Groww,fintech,Bengaluru,,groww,,,curated
Zerodha,fintech,Bengaluru,,zerodha,,,curated
Dhan,fintech,Mumbai,,dhan raisefinancial,,,curated
Angel One,fintech,Mumbai,,angelone angel-one,,,curated
Paytm,fintech,Noida,,paytm,,,curated
PhonePe,fintech,Bengaluru,,phonepe,,,curated
MobiKwik,fintech,Gurugram,,mobikwik,,,curated
CRED,fintech,Bengaluru,,cred dreamplug,,,curated
Khatabook,fintech,Bengaluru,,khatabook,,,curated
OkCredit,fintech,Bengaluru,,okcredit,,,curated
Vyapar,fintech,Bengaluru,,vyapar vyaparapp,,,curated
Clear,fintech,Bengaluru,,clear cleartax,,,curated
Zolve,fintech,Bengaluru,,zolve,,,curated
Volopay,fintech,Bengaluru,,volopay,,,curated
EnKash,fintech,Mumbai,,enkash,,,curated
Happay,fintech,Bengaluru,,happay,,,curated
Vayana,fintech,Pune,,vayana vayananetwork,,,curated
Lendingkart,fintech,Ahmedabad,,lendingkart,,,curated
Indifi,fintech,Gurugram,,indifi,,,curated
KreditBee,fintech,Bengaluru,,kreditbee,,,curated
Moneyview,fintech,Bengaluru,,moneyview,,,curated
Fibe,fintech,Pune,,fibe earlysalary,,,curated
Kissht,fintech,Mumbai,,kissht,,,curated
Simpl,fintech,Bengaluru,,simpl getsimpl,,,curated
Rupeek,fintech,Bengaluru,,rupeek,,,curated
CoinDCX,fintech,Mumbai,,coindcx,,,curated
CoinSwitch,fintech,Bengaluru,,coinswitch,,,curated
Decentro,fintech,Bengaluru,,decentro,,,curated
Cashify,fintech,Gurugram,,cashify,,,curated
Acko,fintech,Bengaluru,,acko,,,curated
Digit Insurance,fintech,Bengaluru,,digitinsurance digit-insurance godigit,,,curated
PolicyBazaar,fintech,Gurugram,,policybazaar pbfintech,,,curated
Ditto Insurance,fintech,Bengaluru,,dittoinsurance ditto-insurance joinditto,,,curated
Onsurity,fintech,Bengaluru,,onsurity,,,curated
InsuranceDekho,fintech,Gurugram,,insurancedekho,,,curated
Turtlemint,fintech,Mumbai,,turtlemint,,,curated
Fisdom,fintech,Bengaluru,,fisdom,,,curated
Scripbox,fintech,Bengaluru,,scripbox,,,curated
Kuvera,fintech,Bengaluru,,kuvera,,,curated
Stable Money,fintech,Bengaluru,,stablemoney stable-money,,,curated
Wint Wealth,fintech,Bengaluru,,wintwealth wint-wealth,,,curated
Grip Invest,fintech,Mumbai,,gripinvest grip-invest,,,curated
Niyo,fintech,Bengaluru,,niyo goniyo,,,curated
Zaggle,fintech,Hyderabad,,zaggle,,,curated
Easebuzz,fintech,Pune,,easebuzz,,,curated
PayGlocal,fintech,Bengaluru,,payglocal,,,curated
Xflow,fintech,Bengaluru,,xflow,,,curated
Skydo,fintech,Bengaluru,,skydo,,,curated
Aspora,fintech,Bengaluru,,aspora vance,,,curated
Dezerv,fintech,Mumbai,,dezerv,,,curated
Sensibull,fintech,Bengaluru,,sensibull,,,curated
Rupifi,fintech,Bengaluru,,rupifi,,,curated
FlexiLoans,fintech,Mumbai,,flexiloans,,,curated
Progcap,fintech,Delhi,,progcap,,,curated
Mintifi,fintech,Mumbai,,mintifi,,,curated
Vivriti Capital,fintech,Chennai,,vivriticapital vivriti-capital vivriti,,,curated
Kiwi,fintech,Bengaluru,,kiwi gokiwi,,,curated
super.money,fintech,Bengaluru,,supermoney super-money,,,curated
Freo,fintech,Bengaluru,,freo moneytap,,,curated
Ezetap,fintech,Bengaluru,,ezetap,,,curated
Innoviti,fintech,Bengaluru,,innoviti,,,curated
Mswipe,fintech,Mumbai,,mswipe,,,curated
Spice Money,fintech,Delhi,,spicemoney spice-money,,,curated
Flipkart,consumer,Bengaluru,,flipkart,,,curated
Myntra,consumer,Bengaluru,,myntra,,,curated
Meesho,consumer,Bengaluru,,meesho,,,curated
Swiggy,consumer,Bengaluru,,swiggy bundltechnologies,,,curated
Zomato,consumer,Gurugram,,zomato eternal,,,curated
Blinkit,consumer,Gurugram,,blinkit,,,curated
Zepto,consumer,Mumbai,,zepto zeptonow,,,curated
Dunzo,consumer,Bengaluru,,dunzo,,,curated
BigBasket,consumer,Bengaluru,,bigbasket,,,curated
Licious,consumer,Bengaluru,,licious,,,curated
Nykaa,consumer,Mumbai,,nykaa,,,curated
Lenskart,consumer,Delhi,,lenskart,,,curated
boAt,consumer,Delhi,,boat boatlifestyle,,,curated
Honasa Consumer,consumer,Gurugram,,honasaconsumer honasa-consumer mamaearth,,,curated
Purplle,consumer,Mumbai,,purplle,,,curated
FirstCry,consumer,Pune,,firstcry brainbees,,,curated
Urban Company,consumer,Gurugram,,urbancompany urban-company urbanclap,,,curated
OYO,consumer,Gurugram,,oyo oyorooms,,,curated
MakeMyTrip,consumer,Gurugram,,makemytrip,,,curated
ixigo,consumer,Gurugram,,ixigo,,,curated
Cleartrip,consumer,Bengaluru,,cleartrip,,,curated
redBus,consumer,Bengaluru,,redbus,,,curated
Rapido,consumer,Bengaluru,,rapido,,,curated
Ola,consumer,Bengaluru,,ola olacabs anitechnologies,,,curated
Yulu,consumer,Bengaluru,,yulu yulubike,,,curated
Bounce,consumer,Bengaluru,,bounce,,,curated
Cars24,consumer,Gurugram,,cars24,,,curated
Spinny,consumer,Gurugram,,spinny,,,curated
CarDekho,consumer,Jaipur,,cardekho girnarsoft,,,curated
Droom,consumer,Gurugram,,droom,,,curated
OLX India,consumer,Gurugram,,olxindia olx-india olx,,,curated
NoBroker,consumer,Bengaluru,,nobroker,,,curated
Housing.com,consumer,Gurugram,,housingcom housing-com housing,,,curated
Info Edge,consumer,Noida,,infoedge info-edge naukri,,,curated
PharmEasy,consumer,Mumbai,,pharmeasy,,,curated
Tata 1mg,consumer,Gurugram,,tata1mg tata-1mg 1mg,,,curated
HealthifyMe,consumer,Bengaluru,,healthifyme,,,curated
Cult.fit,consumer,Bengaluru,,cultfit cult-fit curefit,,,curated
Pristyn Care,consumer,Gurugram,,pristyncare pristyn-care,,,curated
MediBuddy,consumer,Bengaluru,,medibuddy,,,curated
Practo,consumer,Bengaluru,,practo,,,curated
ShareChat,consumer,Bengaluru,,sharechat mohallatech,,,curated
VerSe Innovation,consumer,Bengaluru,,verseinnovation verse-innovation dailyhunt,,,curated
Glance,consumer,Bengaluru,,glance glanceinmobi,,,curated
InMobi,consumer,Bengaluru,,inmobi,,,curated
Pocket FM,consumer,Bengaluru,,pocketfm pocket-fm,,,curated
Kuku FM,consumer,Mumbai,,kukufm kuku-fm,,,curated
Pratilipi,consumer,Bengaluru,,pratilipi,,,curated
Eloelo,consumer,Bengaluru,,eloelo,,,curated
Dream Sports,consumer,Mumbai,,dreamsports dream-sports dream11,,,curated
Games24x7,consumer,Mumbai,,games24x7,,,curated
Nazara Technologies,consumer,Mumbai,,nazaratechnologies nazara-technologies nazara,,,curated
WinZO,consumer,Delhi,,winzo,,,curated
Zupee,consumer,Gurugram,,zupee,,,curated
Junglee Games,consumer,Gurugram,,jungleegames junglee-games,,,curated
Gameskraft,consumer,Bengaluru,,gameskraft,,,curated
Hike,consumer,Delhi,,hike,,,curated
Truecaller,consumer,Bengaluru,,truecaller,,,curated
JioSaavn,consumer,Mumbai,,jiosaavn saavn,,,curated
JioHotstar,consumer,Bengaluru,,jiohotstar hotstar disneyhotstar,,,curated
Zee5,consumer,Bengaluru,,zee5,,,curated
SonyLIV,consumer,Mumbai,,sonyliv,,,curated
Byju's,consumer,Bengaluru,,byjus byju-s,,,curated
Unacademy,consumer,Bengaluru,,unacademy,,,curated
upGrad,consumer,Mumbai,,upgrad,,,curated
Physics Wallah,consumer,Noida,,physicswallah physics-wallah,,,curated
Vedantu,consumer,Bengaluru,,vedantu,,,curated
Eruditus,consumer,Mumbai,,eruditus,,,curated
Simplilearn,consumer,Bengaluru,,simplilearn,,,curated
Scaler,consumer,Bengaluru,,scaler interviewbit,,,curated
Great Learning,consumer,Gurugram,,greatlearning great-learning,,,curated
Coding Ninjas,consumer,Delhi,,codingninjas coding-ninjas,,,curated
LEAD Group,consumer,Mumbai,,leadgroup lead-group leadschool,,,curated
Cuemath,consumer,Bengaluru,,cuemath,,,curated
Testbook,consumer,Mumbai,,testbook,,,curated
Adda247,consumer,Gurugram,,adda247,,,curated
Leverage Edu,consumer,Delhi,,leverageedu leverage-edu,,,curated
Leap Scholar,consumer,Bengaluru,,leapscholar leap-scholar leap,,,curated
Masai School,consumer,Bengaluru,,masaischool masai-school masai,,,curated
NxtWave,consumer,Hyderabad,,nxtwave,,,curated
Newton School,consumer,Bengaluru,,newtonschool newton-school,,,curated
AlmaBetter,consumer,Bengaluru,,almabetter,,,curated
Udaan,consumer,Bengaluru,,udaan,,,curated
Jumbotail,consumer,Bengaluru,,jumbotail,,,curated
DealShare,consumer,Bengaluru,,dealshare,,,curated
CityMall,consumer,Gurugram,,citymall,,,curated
WorkIndia,consumer,Mumbai,,workindia,,,curated
Tata Digital,consumer,Bengaluru,,tatadigital tata-digital tataneu,,,curated
Bewakoof,consumer,Mumbai,,bewakoof,,,curated
The Souled Store,consumer,Mumbai,,thesouledstore the-souled-store,,,curated
Snitch,consumer,Bengaluru,,snitch,,,curated
SUGAR Cosmetics,consumer,Mumbai,,sugarcosmetics sugar-cosmetics,,,curated
Minimalist,consumer,Jaipur,,minimalist beminimalist,,,curated
Bombay Shaving Company,consumer,Delhi,,bombayshavingcompany bombay-shaving-company,,,curated
Country Delight,consumer,Gurugram,,countrydelight country-delight,,,curated
Rebel Foods,consumer,Mumbai,,rebelfoods rebel-foods,,,curated
Wakefit,consumer,Bengaluru,,wakefit,,,curated
Pepperfry,consumer,Mumbai,,pepperfry,,,curated
Livspace,consumer,Bengaluru,,livspace,,,curated
HomeLane,consumer,Bengaluru,,homelane,,,curated
Treebo,consumer,Bengaluru,,treebo,,,curated
FabHotels,consumer,Delhi,,fabhotels,,,curated
Thrillophilia,consumer,Bengaluru,,thrillophilia,,,curated
Headout,consumer,Bengaluru,,headout,,,curated
Pickyourtrail,consumer,Chennai,,pickyourtrail,,,curated
Scapia,consumer,Bengaluru,,scapia,,,curated
Zingbus,consumer,Gurugram,,zingbus,,,curated
RailYatri,consumer,Noida,,railyatri intrcity,,,curated
Chalo,consumer,Mumbai,,chalo,,,curated
Park+,consumer,Gurugram,,park parkplus,,,curated
Seekho,consumer,Bengaluru,,seekho,,,curated
STAGE,consumer,Noida,,stage,,,curated
Snapdeal,consumer,Delhi,,snapdeal,,,curated
CaratLane,consumer,Chennai,,caratlane,,,curated
BlueStone,consumer,Bengaluru,,bluestone,,,curated
GIVA,consumer,Bengaluru,,giva,,,curated
Mokobara,consumer,Bengaluru,,mokobara,,,curated
Zivame,consumer,Bengaluru,,zivame,,,curated
Kutumb,consumer,Bengaluru,,kutumb,,,curated
Frontier Markets,consumer,Jaipur,,frontiermarkets frontier-markets,,,curated
Zoomcar,consumer,Bengaluru,,zoomcar,,,curated
Ultrahuman,consumer,Bengaluru,,ultrahuman,,,curated
Sugar.fit,consumer,Bengaluru,,sugarfit sugar-fit,,,curated
Fitterfly,consumer,Mumbai,,fitterfly,,,curated
Truemeds,consumer,Mumbai,,truemeds,,,curated
Medikabazaar,consumer,Mumbai,,medikabazaar,,,curated
Allo Health,consumer,Bengaluru,,allohealth allo-health,,,curated
Loop Health,consumer,Chennai,,loophealth loop-health,,,curated
Healthians,consumer,Gurugram,,healthians,,,curated
Redcliffe Labs,consumer,Noida,,redcliffelabs redcliffe-labs,,,curated
Orange Health,consumer,Bengaluru,,orangehealth orange-health,,,curated
Eka Care,consumer,Bengaluru,,ekacare eka-care,,,curated
HealthPlix,consumer,Bengaluru,,healthplix,,,curated
Tricog Health,consumer,Bengaluru,,tricoghealth tricog-health tricog,,,curated
Cloudphysician,consumer,Bengaluru,,cloudphysician,,,curated
Dozee,consumer,Bengaluru,,dozee,,,curated
4baseCare,consumer,Bengaluru,,4basecare,,,curated
Wysa,consumer,Bengaluru,,wysa,,,curated
Even Healthcare,consumer,Bengaluru,,evenhealthcare even-healthcare,,,curated
Neodocs,consumer,Mumbai,,neodocs,,,curated
Mylo,consumer,Gurugram,,mylo,,,curated
Delhivery,mobility-industrial-climate-space,Gurugram,,delhivery,,,curated
Shiprocket,mobility-industrial-climate-space,Delhi,,shiprocket,,,curated
Shadowfax,mobility-industrial-climate-space,Bengaluru,,shadowfax,,,curated
Ecom Express,mobility-industrial-climate-space,Gurugram,,ecomexpress ecom-express,,,curated
XpressBees,mobility-industrial-climate-space,Pune,,xpressbees,,,curated
BlackBuck,mobility-industrial-climate-space,Bengaluru,,blackbuck zinka,,,curated
Rivigo,mobility-industrial-climate-space,Gurugram,,rivigo,,,curated
Porter,mobility-industrial-climate-space,Bengaluru,,porter theporter,,,curated
LoadShare,mobility-industrial-climate-space,Bengaluru,,loadshare loadsharenetworks,,,curated
Ninjacart,mobility-industrial-climate-space,Bengaluru,,ninjacart,,,curated
DeHaat,mobility-industrial-climate-space,Patna,,dehaat,,,curated
Moglix,mobility-industrial-climate-space,Noida,,moglix,,,curated
OfBusiness,mobility-industrial-climate-space,Gurugram,,ofbusiness,,,curated
Zetwerk,mobility-industrial-climate-space,Bengaluru,,zetwerk,,,curated
Infra.Market,mobility-industrial-climate-space,Mumbai,,inframarket infra-market,,,curated
Bizongo,mobility-industrial-climate-space,Mumbai,,bizongo,,,curated
ElasticRun,mobility-industrial-climate-space,Pune,,elasticrun,,,curated
Arzooo,mobility-industrial-climate-space,Bengaluru,,arzooo,,,curated
Ather Energy,mobility-industrial-climate-space,Bengaluru,,atherenergy ather-energy,,,curated
Euler Motors,mobility-industrial-climate-space,Delhi,,eulermotors euler-motors,,,curated
River,mobility-industrial-climate-space,Bengaluru,,river rivermobility,,,curated
Exponent Energy,mobility-industrial-climate-space,Bengaluru,,exponentenergy exponent-energy,,,curated
Log9 Materials,mobility-industrial-climate-space,Bengaluru,,log9materials log9-materials log9,,,curated
Sun Mobility,mobility-industrial-climate-space,Bengaluru,,sunmobility sun-mobility,,,curated
Ultraviolette,mobility-industrial-climate-space,Bengaluru,,ultraviolette,,,curated
Simple Energy,mobility-industrial-climate-space,Bengaluru,,simpleenergy simple-energy,,,curated
Agnikul Cosmos,mobility-industrial-climate-space,Chennai,,agnikulcosmos agnikul-cosmos agnikul,,,curated
Skyroot Aerospace,mobility-industrial-climate-space,Hyderabad,,skyrootaerospace skyroot-aerospace skyroot,,,curated
Pixxel,mobility-industrial-climate-space,Bengaluru,,pixxel,,,curated
Digantara,mobility-industrial-climate-space,Bengaluru,,digantara,,,curated
Bellatrix Aerospace,mobility-industrial-climate-space,Bengaluru,,bellatrixaerospace bellatrix-aerospace,,,curated
Dhruva Space,mobility-industrial-climate-space,Hyderabad,,dhruvaspace dhruva-space,,,curated
ideaForge,mobility-industrial-climate-space,Mumbai,,ideaforge,,,curated
Garuda Aerospace,mobility-industrial-climate-space,Chennai,,garudaaerospace garuda-aerospace,,,curated
Tonbo Imaging,mobility-industrial-climate-space,Bengaluru,,tonboimaging tonbo-imaging,,,curated
Cropin,mobility-industrial-climate-space,Bengaluru,,cropin,,,curated
Fasal,mobility-industrial-climate-space,Bengaluru,,fasal,,,curated
AgroStar,mobility-industrial-climate-space,Pune,,agrostar,,,curated
Gramophone,mobility-industrial-climate-space,Indore,,gramophone,,,curated
Arya.ag,mobility-industrial-climate-space,Noida,,aryaag arya-ag,,,curated
Bijak,mobility-industrial-climate-space,Gurugram,,bijak,,,curated
Vegrow,mobility-industrial-climate-space,Bengaluru,,vegrow,,,curated
WayCool,mobility-industrial-climate-space,Chennai,,waycool,,,curated
Intello Labs,mobility-industrial-climate-space,Gurugram,,intellolabs intello-labs,,,curated
SatSure,mobility-industrial-climate-space,Bengaluru,,satsure,,,curated
GalaxEye,mobility-industrial-climate-space,Bengaluru,,galaxeye,,,curated
Sarla Aviation,mobility-industrial-climate-space,Bengaluru,,sarlaaviation sarla-aviation,,,curated
The ePlane Company,mobility-industrial-climate-space,Chennai,,theeplanecompany the-eplane-company eplane,,,curated
Vecmocon,mobility-industrial-climate-space,Noida,,vecmocon,,,curated
Matter,mobility-industrial-climate-space,Ahmedabad,,matter,,,curated
Statiq,mobility-industrial-climate-space,Gurugram,,statiq,,,curated
ChargeZone,mobility-industrial-climate-space,Vadodara,,chargezone,,,curated
Kazam,mobility-industrial-climate-space,Bengaluru,,kazam,,,curated
BluSmart,mobility-industrial-climate-space,Gurugram,,blusmart,,,curated
Zypp Electric,mobility-industrial-climate-space,Gurugram,,zyppelectric zypp-electric,,,curated
Battery Smart,mobility-industrial-climate-space,Gurugram,,batterysmart battery-smart,,,curated
Stellapps,mobility-industrial-climate-space,Bengaluru,,stellapps,,,curated
Blue Energy Motors,mobility-industrial-climate-space,Pune,,blueenergymotors blue-energy-motors,,,curated
Zeno Motors,mobility-industrial-climate-space,Bengaluru,,zenomotors zeno-motors,,,curated
Altor,mobility-industrial-climate-space,Bengaluru,,altor,,,curated
Google,global-india-engineering,Bengaluru,,google,,,curated
Microsoft,global-india-engineering,Hyderabad,,microsoft,,,curated
Amazon,global-india-engineering,Bengaluru,,amazon,,,curated
Apple,global-india-engineering,Hyderabad,,apple,,,curated
Meta,global-india-engineering,Bengaluru,,meta,,,curated
Adobe,global-india-engineering,Noida,,adobe,,,curated
Salesforce,global-india-engineering,Hyderabad,,salesforce,,,curated
Oracle,global-india-engineering,Bengaluru,,oracle,,,curated
SAP Labs India,global-india-engineering,Bengaluru,,saplabsindia sap-labs-india sap,,,curated
Intuit,global-india-engineering,Bengaluru,,intuit,,,curated
Atlassian,global-india-engineering,Bengaluru,,atlassian,,,curated
Uber,global-india-engineering,Bengaluru,,uber,,,curated
LinkedIn,global-india-engineering,Bengaluru,,linkedin,,,curated
Walmart Global Tech,global-india-engineering,Bengaluru,,walmartglobaltech walmart-global-tech walmart,,,curated
Target,global-india-engineering,Bengaluru,,target,,,curated
PayPal,global-india-engineering,Chennai,,paypal,,,curated
Visa,global-india-engineering,Bengaluru,,visa,,,curated
Mastercard,global-india-engineering,Pune,,mastercard,,,curated
American Express,global-india-engineering,Gurugram,,americanexpress american-express,,,curated
Goldman Sachs,global-india-engineering,Bengaluru,,goldmansachs goldman-sachs,,,curated
JPMorgan Chase,global-india-engineering,Bengaluru,,jpmorganchase jpmorgan-chase,,,curated
Morgan Stanley,global-india-engineering,Mumbai,,morganstanley morgan-stanley,,,curated
Cisco,global-india-engineering,Bengaluru,,cisco,,,curated
Broadcom,global-india-engineering,Bengaluru,,broadcom vmware,,,curated
NetApp,global-india-engineering,Bengaluru,,netapp,,,curated
Nutanix,global-india-engineering,Bengaluru,,nutanix,,,curated
Hewlett Packard Enterprise,global-india-engineering,Bengaluru,,hewlettpackardenterprise hewlett-packard-enterprise hpe juniper,,,curated
Arista Networks,global-india-engineering,Bengaluru,,aristanetworks arista-networks arista,,,curated
Qualcomm,global-india-engineering,Hyderabad,,qualcomm,,,curated
NVIDIA,global-india-engineering,Bengaluru,,nvidia,,,curated
Intel,global-india-engineering,Bengaluru,,intel,,,curated
AMD,global-india-engineering,Hyderabad,,amd,,,curated
Texas Instruments,global-india-engineering,Bengaluru,,texasinstruments texas-instruments,,,curated
Synopsys,global-india-engineering,Bengaluru,,synopsys,,,curated
Cadence,global-india-engineering,Noida,,cadence,,,curated
Samsung R&D Institute,global-india-engineering,Bengaluru,,samsungranddinstitute samsung-randd-institute samsung,,,curated
LG Soft India,global-india-engineering,Bengaluru,,lgsoftindia lg-soft-india lg,,,curated
Sony,global-india-engineering,Bengaluru,,sony,,,curated
Siemens,global-india-engineering,Bengaluru,,siemens,,,curated
Siemens Healthineers,global-india-engineering,Bengaluru,,siemenshealthineers siemens-healthineers,,,curated
Philips,global-india-engineering,Bengaluru,,philips,,,curated
GE HealthCare,global-india-engineering,Bengaluru,,gehealthcare ge-healthcare,,,curated
Bosch Global Software Technologies,global-india-engineering,Bengaluru,,boschglobalsoftwaretechnologies bosch-global-software-technologies bosch,,,curated
Continental,global-india-engineering,Bengaluru,,continental,,,curated
Mercedes-Benz R&D India,global-india-engineering,Bengaluru,,mercedesbenzranddindia mercedes-benz-randd-india mercedesbenz,,,curated
Harman,global-india-engineering,Bengaluru,,harman,,,curated
Honeywell,global-india-engineering,Bengaluru,,honeywell,,,curated
ServiceNow,global-india-engineering,Hyderabad,,servicenow,,,curated
Workday,global-india-engineering,Pune,,workday,,,curated
Zendesk,global-india-engineering,Pune,,zendesk,,,curated
HubSpot,global-india-engineering,Remote,,hubspot,,,curated
Okta,global-india-engineering,Bengaluru,,okta,,,curated
Rubrik,global-india-engineering,Bengaluru,,rubrik,,,curated
Cohesity,global-india-engineering,Bengaluru,,cohesity,,,curated
Palo Alto Networks,global-india-engineering,Bengaluru,,paloaltonetworks palo-alto-networks,,,curated
Zscaler,global-india-engineering,Bengaluru,,zscaler,,,curated
CrowdStrike,global-india-engineering,Pune,,crowdstrike,,,curated
Akamai,global-india-engineering,Bengaluru,,akamai,,,curated
Confluent,global-india-engineering,Bengaluru,,confluent,,,curated
MongoDB,global-india-engineering,Gurugram,,mongodb,,,curated
Databricks,global-india-engineering,Bengaluru,,databricks,greenhouse,databricks,curated
Snowflake,global-india-engineering,Pune,,snowflake,,,curated
Elastic,global-india-engineering,Remote,,elastic,,,curated
Couchbase,global-india-engineering,Bengaluru,,couchbase,,,curated
Stripe,global-india-engineering,Bengaluru,,stripe,,,curated
Airbnb,global-india-engineering,Bengaluru,,airbnb,,,curated
Expedia Group,global-india-engineering,Gurugram,,expediagroup expedia-group expedia,,,curated
Twilio,global-india-engineering,Bengaluru,,twilio,,,curated
Autodesk,global-india-engineering,Pune,,autodesk,,,curated
PTC,global-india-engineering,Pune,,ptc,,,curated
Dassault Systemes,global-india-engineering,Pune,,dassaultsystemes dassault-systemes 3ds,,,curated
MathWorks,global-india-engineering,Hyderabad,,mathworks,,,curated
Thomson Reuters,global-india-engineering,Bengaluru,,thomsonreuters thomson-reuters,,,curated
Rippling,global-india-engineering,Bengaluru,,rippling,,,curated
Grab,global-india-engineering,Bengaluru,,grab,,,curated
Glean,global-india-engineering,Bengaluru,,glean gleanwork,greenhouse,gleanwork,curated
Zoom,global-india-engineering,Bengaluru,,zoom,,,curated
Box,global-india-engineering,Pune,,box,,,curated
Coinbase,global-india-engineering,Remote,,coinbase,,,curated
Kraken,global-india-engineering,Remote,,kraken,,,curated
Toast,global-india-engineering,Chennai,,toast,,,curated
Wayfair,global-india-engineering,Bengaluru,,wayfair,,,curated
Lowe's,global-india-engineering,Bengaluru,,lowes lowe-s,,,curated
Tesco,global-india-engineering,Bengaluru,,tesco,,,curated
Nike,global-india-engineering,Bengaluru,,nike,,,curated
Commvault,global-india-engineering,Hyderabad,,commvault,,,curated
Veritas,global-india-engineering,Pune,,veritas,,,curated
Sophos,global-india-engineering,Ahmedabad,,sophos,,,curated
McAfee,global-india-engineering,Bengaluru,,mcafee,,,curated
Trellix,global-india-engineering,Bengaluru,,trellix,,,curated
Gen Digital,global-india-engineering,Chennai,,gendigital gen-digital gen,,,curated
Qualys,global-india-engineering,Pune,,qualys,,,curated
New Relic,global-india-engineering,Hyderabad,,newrelic new-relic,,,curated
Dynatrace,global-india-engineering,Bengaluru,,dynatrace,,,curated
UiPath,global-india-engineering,Bengaluru,,uipath,,,curated
Automation Anywhere,global-india-engineering,Bengaluru,,automationanywhere automation-anywhere,,,curated
Pegasystems,global-india-engineering,Hyderabad,,pegasystems pega,,,curated
Informatica,global-india-engineering,Bengaluru,,informatica,,,curated
Teradata,global-india-engineering,Hyderabad,,teradata,,,curated
Cloudera,global-india-engineering,Bengaluru,,cloudera,,,curated
Red Hat,global-india-engineering,Pune,,redhat red-hat,,,curated
Model N,global-india-engineering,Hyderabad,,modeln model-n,,,curated
Coupa,global-india-engineering,Pune,,coupa,,,curated
Anaplan,global-india-engineering,Gurugram,,anaplan,,,curated
Netskope,global-india-engineering,Bengaluru,,netskope,,,curated
Agoda,global-india-engineering,Gurugram,,agoda,,,curated
Deutsche Telekom Digital Labs,global-india-engineering,Gurugram,,deutschetelekomdigitallabs deutsche-telekom-digital-labs dtdl,,,curated
Groupon,global-india-engineering,Chennai,,groupon,,,curated
Tripadvisor,global-india-engineering,Gurugram,,tripadvisor,,,curated
Electronic Arts,global-india-engineering,Hyderabad,,electronicarts electronic-arts ea,,,curated
Ubisoft,global-india-engineering,Pune,,ubisoft,,,curated
Zynga,global-india-engineering,Bengaluru,,zynga,,,curated
Unity,global-india-engineering,Bengaluru,,unity unity3d,,,curated
Rockstar Games,global-india-engineering,Bengaluru,,rockstargames rockstar-games,,,curated
Jio Platforms,global-india-engineering,Mumbai,,jioplatforms jio-platforms jio,,,curated
Airtel Digital,global-india-engineering,Gurugram,,airteldigital airtel-digital airtel,,,curated
GitLab,remote-first-global,Remote,,gitlab,,,curated
Automattic,remote-first-global,Remote,,automattic,,,curated
Zapier,remote-first-global,Remote,,zapier,,,curated
Canonical,remote-first-global,Remote,,canonical,,,curated
DuckDuckGo,remote-first-global,Remote,,duckduckgo,,,curated
Mozilla,remote-first-global,Remote,,mozilla,,,curated
Wikimedia Foundation,remote-first-global,Remote,,wikimediafoundation wikimedia-foundation wikimedia,,,curated
Buffer,remote-first-global,Remote,,buffer,,,curated
Remote,remote-first-global,Remote,,remote remotecom,,,curated
Deel,remote-first-global,Remote,,deel,,,curated
Grafana Labs,remote-first-global,Remote,,grafanalabs grafana-labs,,,curated
Supabase,remote-first-global,Remote,,supabase,,,curated
Vercel,remote-first-global,Remote,,vercel,,,curated
Cal.com,remote-first-global,Remote,,calcom cal-com,,,curated
Sourcegraph,remote-first-global,Remote,,sourcegraph,,,curated
Mattermost,remote-first-global,Remote,,mattermost,,,curated
Chainlink Labs,remote-first-global,Remote,,chainlinklabs chainlink-labs chainlink,,,curated
Binance,remote-first-global,Remote,,binance,,,curated
Toggl,remote-first-global,Remote,,toggl,,,curated
Doist,remote-first-global,Remote,,doist,,,curated
Hotjar,remote-first-global,Remote,,hotjar,,,curated
Help Scout,remote-first-global,Remote,,helpscout help-scout,,,curated
Close,remote-first-global,Remote,,close closeio,,,curated
Discourse,remote-first-global,Remote,,discourse,,,curated
Ghost,remote-first-global,Remote,,ghost,,,curated
Hugging Face,remote-first-global,Remote,,huggingface hugging-face,,,curated
Weaviate,remote-first-global,Remote,,weaviate,,,curated
Qdrant,remote-first-global,Remote,,qdrant,,,curated
deepset,remote-first-global,Remote,,deepset,,,curated
Lightning AI,remote-first-global,Remote,,lightningai lightning-ai,,,curated
LiveKit,remote-first-global,Remote,,livekit,ashby,livekit,curated
Airbyte,remote-first-global,Remote,,airbyte,,,curated
PostHog,remote-first-global,Remote,,posthog,,,curated
Tether,remote-first-global,Remote,,tether,,,curated
Turing,remote-first-global,Remote,,turing,,,curated
Toptal,remote-first-global,Remote,,toptal,,,curated
Andela,remote-first-global,Remote,,andela,,,curated
Crossover,remote-first-global,Remote,,crossover,,,curated
Mercor,remote-first-global,Remote,,mercor,,,curated
micro1,remote-first-global,Remote,,micro1,,,curated
Scale AI,remote-first-global,Remote,,scaleai scale-ai,,,curated
Invisible Technologies,remote-first-global,Remote,,invisibletechnologies invisible-technologies invisible,,,curated
Outlier,remote-first-global,Remote,,outlier,,,curated
Braintrust,remote-first-global,Remote,,braintrust,,,curated
Netlify,remote-first-global,Remote,,netlify,,,curated
Fly.io,remote-first-global,Remote,,flyio fly-io,,,curated
Railway,remote-first-global,Remote,,railway,,,curated
Render,remote-first-global,Remote,,render,,,curated
Temporal,remote-first-global,Remote,,temporal temporaltechnologies,,,curated
Prefect,remote-first-global,Remote,,prefect,,,curated
Dagster Labs,remote-first-global,Remote,,dagsterlabs dagster-labs dagster,,,curated
dbt Labs,remote-first-global,Remote,,dbtlabs dbt-labs,,,curated
MotherDuck,remote-first-global,Remote,,motherduck,,,curated
ClickHouse,remote-first-global,Remote,,clickhouse,,,curated
Redpanda,remote-first-global,Remote,,redpanda redpandadata,,,curated
Tailscale,remote-first-global,Remote,,tailscale,,,curated
1Password,remote-first-global,Remote,,1password,,,curated
Bitwarden,remote-first-global,Remote,,bitwarden,,,curated
Sentry,remote-first-global,Remote,,sentry,,,curated
Linear,remote-first-global,Remote,,linear,,,curated
Raycast,remote-first-global,Remote,,raycast,,,curated
Zed Industries,remote-first-global,Remote,,zedindustries zed-industries zed,,,curated
Replit,remote-first-global,Remote,,replit,,,curated
Modal,remote-first-global,Remote,,modal modallabs,,,curated
Baseten,remote-first-global,Remote,,baseten,,,curated
Together AI,remote-first-global,Remote,,togetherai together-ai,,,curated
Fireworks AI,remote-first-global,Remote,,fireworksai fireworks-ai,,,curated
Anyscale,remote-first-global,Remote,,anyscale,,,curated
Weights & Biases,remote-first-global,Remote,,weightsandbiases weights-and-biases wandb,,,curated
LangChain,remote-first-global,Remote,,langchain,,,curated
LlamaIndex,remote-first-global,Remote,,llamaindex,,,curated
Pinecone,remote-first-global,Remote,,pinecone,,,curated
Zilliz,remote-first-global,Remote,,zilliz,,,curated
Jina AI,remote-first-global,Remote,,jinaai jina-ai,,,curated
Cohere,remote-first-global,Remote,,cohere,,,curated
Nomic AI,remote-first-global,Remote,,nomicai nomic-ai nomic,,,curated
DevRev,more-india-product,Bengaluru,,devrev,,,curated
Kore.ai,more-india-product,Hyderabad,,koreai kore-ai,,,curated
Plivo,more-india-product,Bengaluru,,plivo,,,curated
Murf AI,more-india-product,Bengaluru,,murfai murf-ai murf,,,curated
Writesonic,more-india-product,Bengaluru,,writesonic,,,curated
SciSpace,more-india-product,Bengaluru,,scispace typeset,,,curated
Locofy.ai,more-india-product,Bengaluru,,locofyai locofy-ai locofy,,,curated
Zocket,more-india-product,Chennai,,zocket,,,curated
Fluid AI,more-india-product,Mumbai,,fluidai fluid-ai,,,curated
Nurix AI,more-india-product,Bengaluru,,nurixai nurix-ai nurix,,,curated
Pepper Content,more-india-product,Mumbai,,peppercontent pepper-content,,,curated
Testsigma,more-india-product,Bengaluru,,testsigma,,,curated
Workativ,more-india-product,Bengaluru,,workativ,,,curated
Xoxoday,more-india-product,Bengaluru,,xoxoday,,,curated
Pazcare,more-india-product,Bengaluru,,pazcare,,,curated
Nova Benefits,more-india-product,Bengaluru,,novabenefits nova-benefits,,,curated
FieldAssist,more-india-product,Gurugram,,fieldassist,,,curated
Bizom,more-india-product,Bengaluru,,bizom,,,curated
Tally Solutions,more-india-product,Bengaluru,,tallysolutions tally-solutions tally,,,curated
EasyEcom,more-india-product,Gurugram,,easyecom,,,curated
Fretron,more-india-product,Gurugram,,fretron,,,curated
Cogoport,more-india-product,Mumbai,,cogoport,,,curated
SolarSquare,more-india-product,Mumbai,,solarsquare,,,curated
Recykal,more-india-product,Hyderabad,,recykal,,,curated
Attero,more-india-product,Noida,,attero,,,curated
LOHUM,more-india-product,Noida,,lohum,,,curated
Apollo 24,more-india-product,"apollo247,apollohealthco",,apollo24 apollo-24,Chennai,,curated
Cureskin,more-india-product,Bengaluru,,cureskin,,,curated
Traya,more-india-product,Mumbai,,traya,,,curated
Mosaic Wellness,more-india-product,Mumbai,,mosaicwellness mosaic-wellness,,,curated
HealthKart,more-india-product,Gurugram,,healthkart,,,curated
Fittr,more-india-product,Pune,,fittr,,,curated
Noise,more-india-product,Gurugram,,noise gonoise,,,curated
QpiAI,more-india-product,Bengaluru,,qpiai,,,curated
BosonQ Psi,more-india-product,Bengaluru,,bosonqpsi bosonq-psi,,,curated
InCore Semiconductors,more-india-product,Chennai,,incoresemiconductors incore-semiconductors incore,,,curated
NewSpace Research,more-india-product,Bengaluru,,newspaceresearch newspace-research,,,curated
Skylark Drones,more-india-product,Bengaluru,,skylarkdrones skylark-drones,,,curated
Ethereal Machines,more-india-product,Bengaluru,,etherealmachines ethereal-machines,,,curated
Haber,more-india-product,Pune,,haber,,,curated
Altizon,more-india-product,Pune,,altizon,,,curated
Uptime AI,more-india-product,Bengaluru,,uptimeai uptime-ai,,,curated
Infinite Uptime,more-india-product,Pune,,infiniteuptime infinite-uptime,,,curated
Ripik.ai,more-india-product,Noida,,ripikai ripik-ai ripik,,,curated
Jodo,more-india-product,Bengaluru,,jodo,,,curated
Refyne,more-india-product,Bengaluru,,refyne,,,curated
Snapmint,more-india-product,Mumbai,,snapmint,,,curated
BharatX,more-india-product,Bengaluru,,bharatx,,,curated
Tartan,more-india-product,Bengaluru,,tartan tartanhq,,,curated
Hyperface,more-india-product,Bengaluru,,hyperface,,,curated
Bureau,more-india-product,Bengaluru,,bureau bureauid,,,curated
Mudrex,more-india-product,Bengaluru,,mudrex,,,curated
Liminal,more-india-product,Bengaluru,,liminal liminalcustody,,,curated
Magicpin,more-india-product,Gurugram,,magicpin samast,,,curated
Pocket Aces,more-india-product,Mumbai,,pocketaces pocket-aces,,,curated
Lokal,more-india-product,Hyderabad,,lokal,,,curated
Josh Talks,more-india-product,Gurugram,,joshtalks josh-talks,,,curated
Rooter,more-india-product,Delhi,,rooter,,,curated
Loco,more-india-product,Bengaluru,,loco,,,curated
SpeakX,more-india-product,Bengaluru,,speakx,,,curated
Heads Up For Tails,more-india-product,Delhi,,headsupfortails heads-up-for-tails hutf,,,curated
Supertails,more-india-product,Bengaluru,,supertails,,,curated
The Whole Truth,more-india-product,Mumbai,,thewholetruth the-whole-truth,,,curated
FreshToHome,more-india-product,Bengaluru,,freshtohome,,,curated
Swish,more-india-product,Bengaluru,,swish,,,curated
Slikk,more-india-product,Bengaluru,,slikk,,,curated
Kirana Club,more-india-product,Delhi,,kiranaclub kirana-club,,,curated
ShopKirana,more-india-product,Indore,,shopkirana,,,curated
BharatAgri,more-india-product,Pune,,bharatagri,,,curated
Unstop,more-india-product,Delhi,,unstop,,,curated
Instahyre,more-india-product,Bengaluru,,instahyre,,,curated
Cutshort,more-india-product,Bengaluru,,cutshort,,,curated
Internshala,more-india-product,Gurugram,,internshala,,,curated
Superset,more-india-product,Bengaluru,,superset joinsuperset,,,curated
Qapita,more-india-product,Bengaluru,,qapita,,,curated
Media.net,more-india-product,Mumbai,,medianet media-net,,,curated
Radix,more-india-product,Mumbai,,radix directi,,,curated
Rakuten India,more-india-product,Bengaluru,,rakutenindia rakuten-india rakuten,,,curated
Arcesium,more-india-product,Hyderabad,,arcesium,,,curated
D. E. Shaw India,more-india-product,Hyderabad,,deshawindia d-e-shaw-india deshaw,,,curated
Tower Research Capital,more-india-product,Gurugram,,towerresearchcapital tower-research-capital towerresearch,,,curated
Graviton Research Capital,more-india-product,Gurugram,,gravitonresearchcapital graviton-research-capital graviton,,,curated
Quadeye,more-india-product,Gurugram,,quadeye,,,curated
AlphaGrep,more-india-product,Mumbai,,alphagrep,,,curated
WorldQuant,more-india-product,Mumbai,,worldquant,,,curated
BlackRock,more-india-product,Gurugram,,blackrock,,,curated
LSEG,more-india-product,Bengaluru,,lseg,,,curated
Nasdaq,more-india-product,Bengaluru,,nasdaq,,,curated
Dodo Payments,more-india-product,Bengaluru,,dodopayments dodo-payments,,,curated
Pazy,more-india-product,Bengaluru,,pazy,,,curated
Credflow,more-india-product,Delhi,,credflow,,,curated
Fampay,more-india-product,Bengaluru,,fampay,,,curated
Kredily,more-india-product,Bengaluru,,kredily,,,curated
Probo,more-india-product,Gurugram,,probo,,,curated
Rario,more-india-product,Delhi,,rario,,,curated
FanCode,more-india-product,Mumbai,,fancode,,,curated
Wiom,more-india-product,Delhi,,wiom,,,curated
Servify,more-india-product,Mumbai,,servify,,,curated
Cashkaro,more-india-product,Gurugram,,cashkaro,,,curated
Agrim,more-india-product,Gurugram,,agrim,,,curated
OneAssist,more-india-product,Mumbai,,oneassist,,,curated
Alt DRX,more-india-product,Bengaluru,,altdrx alt-drx,,,curated
Stockgro,more-india-product,Mumbai,,stockgro,,,curated
Univest,more-india-product,Mumbai,,univest,,,curated
Liquide,more-india-product,Mumbai,,liquide,,,curated
Shopdeck,more-india-product,Bengaluru,,shopdeck,,,curated
Kapiva,more-india-product,Bengaluru,,kapiva,,,curated
Neeman's,more-india-product,Hyderabad,,neemans neeman-s,,,curated
Atlys,more-india-product,Bengaluru,,atlys,,,curated
Accenture,more-than-faang,,https://www.accenture.com/in-en/careers,accenture,,,moreThanFAANGM
Accolite software,more-than-faang,,https://www.accolite.com/careers,accolitesoftware accolite-software accolite,,,moreThanFAANGM
Accord software,more-than-faang,,https://accord-global.com/careers.html,accordsoftware accord-software accord-global,,,moreThanFAANGM
Able,more-than-faang,,https://able.co/team,able,,,moreThanFAANGM
Abstract,more-than-faang,,https://angel.co/company/abstract/jobs,abstract,,,moreThanFAANGM
Accredible,more-than-faang,,https://careers.accredible.com/,accredible,,,moreThanFAANGM
Activision Blizzard,more-than-faang,,https://careers.activisionblizzard.com/,activisionblizzard activision-blizzard,,,moreThanFAANGM
Affinidi,more-than-faang,,https://www.affinidi.com/careers,affinidi,,,moreThanFAANGM
Agile Solutions,more-than-faang,,http://agilesolutions.com/careers-2/,agilesolutions agile-solutions,,,moreThanFAANGM
Airbase,more-than-faang,,https://www.airbase.com/careers,airbase,,,moreThanFAANGM
Airbus,more-than-faang,,https://www.airbus.com/careers.html,airbus,,,moreThanFAANGM
Airtel x labs,more-than-faang,,https://careers.airtel.com/,airtelxlabs airtel-x-labs airtel,,,moreThanFAANGM
Ajio,more-than-faang,,https://www.ajio.com/ajio-careers,ajio,,,moreThanFAANGM
Alibaba Group,more-than-faang,,https://talent.alibaba.com/en/home?lang=en,alibabagroup alibaba-group alibaba,,,moreThanFAANGM
Alstom,more-than-faang,,https://www.alstom.com/careers,alstom,,,moreThanFAANGM
Alphonso,more-than-faang,,https://lgads.tv/careers/,alphonso lgads,,,moreThanFAANGM
Amadeus labs,more-than-faang,,https://jobs.amadeus.com/,amadeuslabs amadeus-labs amadeus,,,moreThanFAANGM
Amdocs,more-than-faang,,https://asset.amdocs.com/careers/home,amdocs asset,,,moreThanFAANGM
Amway,more-than-faang,,https://www.amway.in/about-amway/careers,amway,,,moreThanFAANGM
Analog Devices,more-than-faang,,https://www.analog.com/en/about-adi/careers.html,analogdevices analog-devices analog,,,moreThanFAANGM
Ansys,more-than-faang,,https://www.ansys.com/en-in/careers,ansys,,,moreThanFAANGM
App Dynamics,more-than-faang,,https://www.appdynamics.com/company/careers/india,appdynamics app-dynamics,,,moreThanFAANGM
Appen,more-than-faang,,https://appen.com/jobs/,appen,,,moreThanFAANGM
Appfolio,more-than-faang,,https://www.appfolio.com/company/careers,appfolio,,,moreThanFAANGM
AppInventiv,more-than-faang,,https://appinventiv.com/career/,appinventiv,,,moreThanFAANGM
Applied Materials,more-than-faang,,https://www.appliedmaterials.com/us/en/careers.html,appliedmaterials applied-materials,,,moreThanFAANGM
Aptiv,more-than-faang,,https://jobs.aptiv.com/,aptiv,,,moreThanFAANGM
AQR,more-than-faang,,https://www.aqr.com/About-Us/Careers,aqr,,,moreThanFAANGM
Aryaka networks,more-than-faang,,https://www.linkedin.com/company/aryaka-networks/jobs?originalSubdomain=in,aryakanetworks aryaka-networks,,,moreThanFAANGM
Asteria Aerospace Ltd,more-than-faang,,https://asteria.co.in/careers/,asteriaaerospaceltd asteria-aerospace-ltd asteria,,,moreThanFAANGM
ASML,more-than-faang,,https://www.asml.com/en/careers,asml,,,moreThanFAANGM
Athena Health,more-than-faang,,https://www.athenahealth.com/careers,athenahealth athena-health,,,moreThanFAANGM
Automatic Data Processing,more-than-faang,,https://jobs.adp.com/,automaticdataprocessing automatic-data-processing adp,,,moreThanFAANGM
Auzmor,more-than-faang,,https://auzmor.com/careers/,auzmor,,,moreThanFAANGM
Avail finance,more-than-faang,,https://availfinance.in/opportunities/,availfinance avail-finance,,,moreThanFAANGM
Avalara,more-than-faang,,https://www.avalara.com/us/en/about/jobs/job-openings.html,avalara,,,moreThanFAANGM
Avaya,more-than-faang,,https://careers.avaya.com/,avaya,,,moreThanFAANGM
Axis Bank,more-than-faang,,https://www.axisbank.com/careers,axisbank axis-bank,,,moreThanFAANGM
Barclays,more-than-faang,,https://home.barclays/careers/,barclays home,,,moreThanFAANGM
Bain &amp; Co,more-than-faang,,https://www.bain.com/careers/,bainandampco bain-andamp-co bain,,,moreThanFAANGM
BARC India,more-than-faang,,https://www.barcindia.co.in/life-at-barc,barcindia barc-india,,,moreThanFAANGM
bankbazaar,more-than-faang,,https://www.bankbazaar.com/careers.html,bankbazaar,,,moreThanFAANGM
Bazaarvoice,more-than-faang,,https://www.bazaarvoice.com/company/careers/,bazaarvoice,,,moreThanFAANGM
BCG,more-than-faang,,https://careers.bcg.com/,bcg,,,moreThanFAANGM
Benchmark,more-than-faang,,https://benchmarkit.zohorecruit.com/jobs/Careers,benchmark benchmarkit,,,moreThanFAANGM
Better,more-than-faang,,https://better.com/about-us/careers,better,,,moreThanFAANGM
Bidgely,more-than-faang,,https://www.bidgely.com/bidgely-career-opportunities/,bidgely,,,moreThanFAANGM
Billdesk,more-than-faang,,https://www.linkedin.com/company/billdesk/jobs/,billdesk,,,moreThanFAANGM
bitdefender,more-than-faang,,https://www.bitdefender.com/company/job-opportunities/,bitdefender,,,moreThanFAANGM
bitly,more-than-faang,,https://bitly.com/pages/careers,bitly,,,moreThanFAANGM
blackberry,more-than-faang,,https://bb.wd3.myworkdayjobs.com/BlackBerry/jobs,blackberry bb,,,moreThanFAANGM
Block Inc,more-than-faang,,https://block.xyz/careers,blockinc block-inc block,,,moreThanFAANGM
Bloomberg LP,more-than-faang,,https://careers.bloomberg.com/job/search,bloomberglp bloomberg-lp bloomberg,,,moreThanFAANGM
BlueJeans,more-than-faang,,https://www.bluejeans.com/careers,bluejeans,,,moreThanFAANGM
blueorigin,more-than-faang,,https://www.blueorigin.com/careers,blueorigin,,,moreThanFAANGM
Bluestacks,more-than-faang,,https://www.bluestacks.com/work-at-bluestacks.html,bluestacks,,,moreThanFAANGM
BMC software,more-than-faang,,https://www.bmc.com/careers/careers.html,bmcsoftware bmc-software bmc,,,moreThanFAANGM
BNY Mellon,more-than-faang,,https://jobs.bnymellon.com/,bnymellon bny-mellon,,,moreThanFAANGM
Boeing,more-than-faang,,https://jobs.boeing.com/,boeing,,,moreThanFAANGM
Booking.com,more-than-faang,,https://jobs.booking.com/careers,bookingcom booking-com booking,,,moreThanFAANGM
Bosch,more-than-faang,,https://www.bosch.in/careers/,bosch,,,moreThanFAANGM
Bottemline Technologies,more-than-faang,,https://www.bottomline.com/apac/about/careers,bottemlinetechnologies bottemline-technologies bottomline,,,moreThanFAANGM
Brahmastra Aerospace,more-than-faang,,https://www.brahmastraspace.org/career,brahmastraaerospace brahmastra-aerospace brahmastraspace,,,moreThanFAANGM
BukuWarung,more-than-faang,,https://www.notion.so/BukuWarung-Building-the-digital-infrastructure-for-60-million-MSMEs-in-Indonesia-7e8a4f614acb4c4888659f9d36179579,bukuwarung,,,moreThanFAANGM
ByteDance,more-than-faang,,https://jobs.bytedance.com/en,bytedance,,,moreThanFAANGM
Capital One,more-than-faang,,https://www.capitalonecareers.com/,capitalone capital-one capitalonecareers,,,moreThanFAANGM
Careem,more-than-faang,,https://www.careem.com/en-ae/careers/,careem,,,moreThanFAANGM
CarWale,more-than-faang,,https://www.carwale.com/career/,carwale,,,moreThanFAANGM
Cashfree,more-than-faang,,https://www.cashfree.com/careers,cashfree,,,moreThanFAANGM
Cimpress,more-than-faang,,https://cimpress.com/careers/,cimpress,,,moreThanFAANGM
Celigo,more-than-faang,,https://www.celigo.com/company/careers/,celigo,,,moreThanFAANGM
Citi Bank,more-than-faang,,https://jobs.citi.com/,citibank citi-bank citi,,,moreThanFAANGM
Cerner,more-than-faang,,https://careers.cerner.com/,cerner,,,moreThanFAANGM
Checkout.com,more-than-faang,,https://www.checkout.com/careers#jobs,checkoutcom checkout-com checkout,,,moreThanFAANGM
Chronus,more-than-faang,,https://chronus.com/about-us/careers,chronus,,,moreThanFAANGM
Citadel,more-than-faang,,https://www.citadel.com/careers/open-positions/,citadel,,,moreThanFAANGM
Citadel Securities,more-than-faang,,https://www.citadelsecurities.com/careers/open-roles/,citadelsecurities citadel-securities,,,moreThanFAANGM
Citrix,more-than-faang,,https://jobs.citrix.com/,citrix,,,moreThanFAANGM
ClearGlass,more-than-faang,,https://clearglass.com/careers/,clearglass,,,moreThanFAANGM
cloudflare,more-than-faang,,https://www.cloudflare.com/careers/jobs/,cloudflare,,,moreThanFAANGM
Codenation innovation labs,more-than-faang,,http://codenation.co.in/hiringprocess.html,codenationinnovationlabs codenation-innovation-labs codenation,,,moreThanFAANGM
CodeParva Technologies Pvt Ltd,more-than-faang,,https://cutshort.io/company/codeparva-technologies-pvt-ltd-t0cDhxZW,codeparvatechnologiespvtltd codeparva-technologies-pvt-ltd cutshort,,,moreThanFAANGM
Cognizant,more-than-faang,,https://careers.cognizant.com/in/en,cognizant,,,moreThanFAANGM
Coinswitch kuber,more-than-faang,,https://recruiterflow.com/coinswitch/jobs,coinswitchkuber coinswitch-kuber recruiterflow,,,moreThanFAANGM
Contra,more-than-faang,,https://contra.com/careers,contra,,,moreThanFAANGM
Coupang,more-than-faang,,https://rocketyourcareer.usa.coupang.com/,coupang rocketyourcareer,,,moreThanFAANGM
Cradlepoint,more-than-faang,,https://cradlepoint.com/about-us/careers/job-listings/,cradlepoint,,,moreThanFAANGM
Credit Suisse,more-than-faang,,https://www.credit-suisse.com/careers/en/apply.html,creditsuisse credit-suisse,,,moreThanFAANGM
Crestron,more-than-faang,,https://www.crestron.com/About/careers-jobs-employment-opportunities,crestron,,,moreThanFAANGM
CSS Corp,more-than-faang,,https://www.csscorp.com/company/careers/,csscorp css-corp,,,moreThanFAANGM
cure.fit,more-than-faang,,https://www.cult.fit/careers,curefit cure-fit cult,,,moreThanFAANGM
Cvent,more-than-faang,,https://www.cvent.com/en/careers,cvent,,,moreThanFAANGM
DailyHunt,more-than-faang,,https://careers.dailyhunt.com/#!/,dailyhunt,,,moreThanFAANGM
Dashlane,more-than-faang,,https://www.dashlane.com/about/careers,dashlane,,,moreThanFAANGM
Dataminr,more-than-faang,,https://www.dataminr.com/careers,dataminr,,,moreThanFAANGM
DBS,more-than-faang,,https://www.dbs.com/careers/default.page,dbs,,,moreThanFAANGM
D. E. Shaw &amp; Co.,more-than-faang,,https://www.deshawindia.com/careers/career-development,deshawandampco d-e-shaw-andamp-co deshawindia,,,moreThanFAANGM
Dell,more-than-faang,,https://jobs.dell.com/,dell,,,moreThanFAANGM
Deutsche Bank,more-than-faang,,https://careers.db.com/,deutschebank deutsche-bank db,,,moreThanFAANGM
Dialpad,more-than-faang,,https://www.dialpad.com/careers/,dialpad,,,moreThanFAANGM
Directi,more-than-faang,,https://careers.directi.com/,directi,,,moreThanFAANGM
digit,more-than-faang,,https://digit.co/careers,digit,,,moreThanFAANGM
digitalocean,more-than-faang,,https://www.digitalocean.com/careers,digitalocean,,,moreThanFAANGM
Discord,more-than-faang,,https://discord.com/jobs,discord,,,moreThanFAANGM
Discovery inc,more-than-faang,,https://jobs.discovery.com/careers-home/,discoveryinc discovery-inc discovery,,,moreThanFAANGM
Disney,more-than-faang,,https://jobs.disneycareers.com/location/india-jobs/391-28648/1269750/2,disney disneycareers,,,moreThanFAANGM
dolby,more-than-faang,,https://www.dolby.com/careers/,dolby,,,moreThanFAANGM
DoorDash,more-than-faang,,https://careers.doordash.com/,doordash,,,moreThanFAANGM
doximity,more-than-faang,,https://www.doximity.com/careers,doximity,,,moreThanFAANGM
DP World,more-than-faang,,https://ehpv.fa.em2.oraclecloud.com/hcmUI/CandidateExperience/en/sites/CX_1/requisitions,dpworld dp-world ehpv,,,moreThanFAANGM
DRDO,more-than-faang,,https://www.drdo.gov.in/careers,drdo,,,moreThanFAANGM
Dream11,more-than-faang,,https://www.dreamsports.group/careers,dream11 dreamsports,,,moreThanFAANGM
Dropbox,more-than-faang,,https://www.dropbox.com/jobs,dropbox,,,moreThanFAANGM
duo,more-than-faang,,https://duo.com/careers,duo,,,moreThanFAANGM
DuPont,more-than-faang,,https://careers.dupont.com/us/en,dupont,,,moreThanFAANGM
EA Games,more-than-faang,,https://www.ea.com/careers,eagames ea-games ea,,,moreThanFAANGM
eBay,more-than-faang,,https://jobs.ebayinc.com/us/en,ebay ebayinc,,,moreThanFAANGM
Enfussion,more-than-faang,,https://enfusion.com/careers/,enfussion enfusion,,,moreThanFAANGM
Envestnet Yoodlee,more-than-faang,,https://www.yodlee.com/oceania/india-careers,envestnetyoodlee envestnet-yoodlee yodlee,,,moreThanFAANGM
Epam,more-than-faang,,https://www.epam.com/,epam,,,moreThanFAANGM
Epic Games,more-than-faang,,https://www.epicgames.com/site/en-US/careers,epicgames epic-games,,,moreThanFAANGM
Ericsson,more-than-faang,,https://www.ericsson.com/en/careers,ericsson,,,moreThanFAANGM
Eurofins,more-than-faang,,https://careers.eurofins.com/in/,eurofins,,,moreThanFAANGM
Equinix,more-than-faang,,https://careers.equinix.com/homepage,equinix,,,moreThanFAANGM
EXL Healthcare,more-than-faang,,https://exlservice.com/careers,exlhealthcare exl-healthcare exlservice,,,moreThanFAANGM
Expedia,more-than-faang,,https://lifeatexpediagroup.com/jobs/,expedia lifeatexpediagroup,,,moreThanFAANGM
EY,more-than-faang,,https://careers.ey.com/,ey,,,moreThanFAANGM
EyeROV,more-than-faang,,https://www.eyerov.com/careers/,eyerov,,,moreThanFAANGM
F5,more-than-faang,,https://www.f5.com/company/careers/,f5,,,moreThanFAANGM
factset,more-than-faang,,https://www.factset.com/careers,factset,,,moreThanFAANGM
Fidelity investments,more-than-faang,,https://jobs.fidelity.com/,fidelityinvestments fidelity-investments fidelity,,,moreThanFAANGM
FireEye inc,more-than-faang,,https://www.fireeye.com/company/jobs.html,fireeyeinc fireeye-inc fireeye,,,moreThanFAANGM
Fischer Jordan,more-than-faang,,https://fischerjordan.com/careers/,fischerjordan fischer-jordan,,,moreThanFAANGM
fiserv,more-than-faang,,https://www.careers.fiserv.com/,fiserv,,,moreThanFAANGM
Flexport,more-than-faang,,https://www.flexport.com/careers/jobs/,flexport,,,moreThanFAANGM
FlyFin,more-than-faang,,https://www.linkedin.com/company/flyfin-ai/jobs/,flyfin,,,moreThanFAANGM
fincover,more-than-faang,,https://www.fincover.com/,fincover,,,moreThanFAANGM
Fractal,more-than-faang,,https://fractal.ai/job-openings/,fractal,,,moreThanFAANGM
Frappe Technologies,more-than-faang,,https://frappe.io/careers,frappetechnologies frappe-technologies frappe,,,moreThanFAANGM
FreeCharge,more-than-faang,,https://careers.freecharge.in/,freecharge,,,moreThanFAANGM
Furlenco,more-than-faang,,https://jobs.furlenco.com/,furlenco,,,moreThanFAANGM
Fico,more-than-faang,,https://www.fico.com/en/careers,fico,,,moreThanFAANGM
Fujitsu,more-than-faang,,https://www.fujitsu.com/global/about/careers/,fujitsu,,,moreThanFAANGM
Gartner,more-than-faang,,https://jobs.gartner.com/,gartner,,,moreThanFAANGM
GeeksForGeeks,more-than-faang,,https://www.geeksforgeeks.org/careers/?,geeksforgeeks,,,moreThanFAANGM
GE,more-than-faang,,https://www.ge.com/in/careers/opportunities,ge,,,moreThanFAANGM
GeekyAnts,more-than-faang,,https://geekyants.com/join-geekyants,geekyants,,,moreThanFAANGM
Genpact,more-than-faang,,https://www.genpact.com/careers,genpact,,,moreThanFAANGM
Github,more-than-faang,,https://github.com/about/careers,github,,,moreThanFAANGM
Glass Door,more-than-faang,,https://www.glassdoor.com/Jobs/Glassdoor-Jobs-E100431.htm,glassdoor glass-door,,,moreThanFAANGM
GoDaddy,more-than-faang,,https://careers.godaddy.com/,godaddy,,,moreThanFAANGM
GoDigit,more-than-faang,,https://www.godigit.com/,godigit,,,moreThanFAANGM
Godrej Aerospace,more-than-faang,,https://www.godrej.com/godrejandboyce/gnb-careers,godrejaerospace godrej-aerospace godrej,,,moreThanFAANGM
Gojek,more-than-faang,,https://career.gojek.com/,gojek,,,moreThanFAANGM
GoodSpace,more-than-faang,,https://goodspace.ai/careers,goodspace,,,moreThanFAANGM
Go Pro,more-than-faang,,https://jobs.gopro.com/?lang=en-us#/,gopro go-pro,,,moreThanFAANGM
Global Logic,more-than-faang,,https://www.globallogic.com/in/careers/,globallogic global-logic,,,moreThanFAANGM
Gravitont Rading,more-than-faang,,https://www.gravitontrading.com/careers.html,gravitontrading gravitont-rading,,,moreThanFAANGM
Grofers,more-than-faang,,https://grofers.com/careers/,grofers,,,moreThanFAANGM
Groq,more-than-faang,,https://groq.com/careers/,groq,,,moreThanFAANGM
Hackerearth,more-than-faang,,https://www.hackerearth.com/careers/,hackerearth,,,moreThanFAANGM
HackerRank,more-than-faang,,https://www.hackerrank.com/careers/,hackerrank,,,moreThanFAANGM
Hashedin,more-than-faang,,https://hashedin.com/careers/,hashedin,,,moreThanFAANGM
Hashnode,more-than-faang,,https://careers.hashnode.com/jobs,hashnode,,,moreThanFAANGM
HBO,more-than-faang,,https://warnermediacareers.com/hbo-jobs,hbo warnermediacareers,,,moreThanFAANGM
HCL Tech,more-than-faang,,https://www.hcltech.com/careers,hcltech hcl-tech,,,moreThanFAANGM
HDFC Bank,more-than-faang,,https://www.hdfcbank.com/personal/about-us/careers,hdfcbank hdfc-bank,,,moreThanFAANGM
HealthAsyst,more-than-faang,,https://www.healthasyst.com/careers/,healthasyst,,,moreThanFAANGM
HERE,more-than-faang,,https://www.here.com/careers,here,,,moreThanFAANGM
Hexagone,more-than-faang,,https://hexagon.com/about/careers,hexagone hexagon,,,moreThanFAANGM
Hotstar,more-than-faang,,https://tech.hotstar.com/,hotstar,,,moreThanFAANGM
HP,more-than-faang,,https://jobs.hp.com/,hp,,,moreThanFAANGM
HSBC Bank,more-than-faang,,https://www.hsbc.com/careers,hsbcbank hsbc-bank hsbc,,,moreThanFAANGM
5ire,more-than-faang,,https://www.5ire.org/carreer-blockchain,5ire,,,moreThanFAANGM
IAC,more-than-faang,,https://www.iac.com/join-team,iac,,,moreThanFAANGM
IBM,more-than-faang,,https://www.ibm.com/in-en/employment/,ibm,,,moreThanFAANGM
IHS Markit,more-than-faang,,https://careers.ihsmarkit.com/,ihsmarkit ihs-markit,,,moreThanFAANGM
Impact Analytics,more-than-faang,,https://www.impactanalytics.co/join-us/,impactanalytics impact-analytics,,,moreThanFAANGM
Indeed,more-than-faang,,https://in.indeed.com/cmp/Indeed,indeed,,,moreThanFAANGM
India Mart,more-than-faang,,https://careers.indiamart.com/,indiamart india-mart,,,moreThanFAANGM
Infor,more-than-faang,,https://www.infor.com/nordics/about/careers,infor,,,moreThanFAANGM
Infospoke,more-than-faang,,http://www.infospoke.in/careers.html,infospoke,,,moreThanFAANGM
Intellika,more-than-faang,,https://www.intellika.in/careers/,intellika,,,moreThanFAANGM
IP Infusion,more-than-faang,,https://www.ipinfusion.com/career/,ipinfusion ip-infusion,,,moreThanFAANGM
ISRO,more-than-faang,,https://www.isro.gov.in/careers,isro,,,moreThanFAANGM
iQuanti,more-than-faang,,https://www.iquanti.com/contact-us/careers/,iquanti,,,moreThanFAANGM
Jaguar,more-than-faang,,https://www.jaguarlandrovercareers.com/,jaguar jaguarlandrovercareers,,,moreThanFAANGM
Jio,more-than-faang,,https://careers.jio.com/,jio,,,moreThanFAANGM
JM Financial,more-than-faang,,https://jmfl.com/careers,jmfinancial jm-financial jmfl,,,moreThanFAANGM
JP Morgan,more-than-faang,,https://careers.jpmorgan.com/IN/en/home,jpmorgan jp-morgan,,,moreThanFAANGM
Juniper networks,more-than-faang,,https://www.juniper.net/us/en/company/culture-careers.html,junipernetworks juniper-networks juniper,,,moreThanFAANGM
Jupiter money,more-than-faang,,https://jobs.lever.co/jupiter,jupitermoney jupiter-money jupiter,lever,jupiter,moreThanFAANGM
Kantar,more-than-faang,,https://www.kantar.com/careers,kantar,,,moreThanFAANGM
Kesari bharat,more-than-faang,,https://www.linkedin.com/in/deepak-sharda-6594561b1/,kesaribharat kesari-bharat,,,moreThanFAANGM
Keyence,more-than-faang,,https://www.keyence.com/ss/careers/,keyence,,,moreThanFAANGM
Keyvalue,more-than-faang,,https://keyvalue.systems/,keyvalue,,,moreThanFAANGM
khoros,more-than-faang,,https://khoros.com/about/careers,khoros,,,moreThanFAANGM
KLA Tencor,more-than-faang,,https://www.kla-tencor.com/careers,klatencor kla-tencor,,,moreThanFAANGM
Koch,more-than-faang,,https://jobs.kochcareers.com/,koch kochcareers,,,moreThanFAANGM
Kotak Mahindra Bank,more-than-faang,,https://www.kotak.com/en/about-us/careers.html,kotakmahindrabank kotak-mahindra-bank kotak,,,moreThanFAANGM
Lam Research,more-than-faang,,https://www.lamresearch.com/careers/careers-overview/,lamresearch lam-research,,,moreThanFAANGM
Land rover,more-than-faang,,https://www.jaguarlandrovercareers.com/,landrover land-rover jaguarlandrovercareers,,,moreThanFAANGM
Lenovo,more-than-faang,,https://jobs.lenovo.com/en_US/careers,lenovo,,,moreThanFAANGM
Leap Finance,more-than-faang,,https://leapfinance.freshteam.com/jobs,leapfinance leap-finance,,,moreThanFAANGM
Level AI,more-than-faang,,https://thelevel.ai/career/,levelai level-ai thelevel,,,moreThanFAANGM
Liebherr,more-than-faang,,https://www.liebherr.com/en/usa/start/start-page.html,liebherr,,,moreThanFAANGM
LogicFruit,more-than-faang,,https://www.logic-fruit.com/,logicfruit logic-fruit,,,moreThanFAANGM
Logicmonitor,more-than-faang,,https://www.logicmonitor.com/careers,logicmonitor,,,moreThanFAANGM
"Lowe&#39;s companies, inc",more-than-faang,,https://corporate.lowes.com/careers/search-apply,loweand39scompaniesinc loweand-39-s-companies-inc lowes,,,moreThanFAANGM
Mastery,more-than-faang,,https://mastery.net/careers/,mastery,,,moreThanFAANGM
Maq Software,more-than-faang,,https://maqsoftware.com/,maqsoftware maq-software,,,moreThanFAANGM
McKinsey,more-than-faang,,https://www.mckinsey.com/in/careers-in-india,mckinsey,,,moreThanFAANGM
Memory,more-than-faang,,https://memory.ai/jobs,memory,,,moreThanFAANGM
Micron,more-than-faang,,https://micron.eightfold.ai/careers,micron,,,moreThanFAANGM
Molbio Diagnostics,more-than-faang,,https://www.molbiodiagnostics.com/career.php,molbiodiagnostics molbio-diagnostics,,,moreThanFAANGM
Mount talent,more-than-faang,,https://careers.mounttalent.com/,mounttalent mount-talent,,,moreThanFAANGM
MPL,more-than-faang,,https://mpl.darwinbox.in/ms/candidate/careers,mpl,,,moreThanFAANGM
MTX,more-than-faang,,https://www.mtxb2b.com/s/career,mtx mtxb2b,,,moreThanFAANGM
Multiverse Software,more-than-faang,,https://multiverseapp.com/,multiversesoftware multiverse-software multiverseapp,,,moreThanFAANGM
Nagarro,more-than-faang,,https://www.nagarro.com/en/careers,nagarro,,,moreThanFAANGM
National instruments,more-than-faang,,https://www.ni.com/en-in/about-ni/careers.html,nationalinstruments national-instruments ni,,,moreThanFAANGM
NatWest Group,more-than-faang,,https://jobs.natwestgroup.com/search/jobs/in/country/india,natwestgroup natwest-group,,,moreThanFAANGM
NCR Corporation,more-than-faang,,https://www.ncr.com/careers,ncrcorporation ncr-corporation ncr,,,moreThanFAANGM
Netcracker,more-than-faang,,https://www.netcracker.com/careers/,netcracker,,,moreThanFAANGM
Netflix,more-than-faang,,https://jobs.netflix.com/,netflix,,,moreThanFAANGM
Netmeds,more-than-faang,,https://netmeds.darwinbox.in/ms/candidate/careers,netmeds,,,moreThanFAANGM
Nokia,more-than-faang,,https://www.nokia.com/about-us/careers/,nokia,,,moreThanFAANGM
nurture.farm,more-than-faang,,https://nurture.farm/join-us/,nurturefarm nurture-farm nurture,,,moreThanFAANGM
Obvious,more-than-faang,,https://obvious.in/careers,obvious,,,moreThanFAANGM
Ocrolus,more-than-faang,,https://www.ocrolus.com/careers/,ocrolus,,,moreThanFAANGM
Oneplus,more-than-faang,,https://www.oneplus.com/global/careers,oneplus,,,moreThanFAANGM
Open AI,more-than-faang,,https://openai.com/careers,openai open-ai,,,moreThanFAANGM
OpenText,more-than-faang,,https://careers.opentext.com/,opentext,,,moreThanFAANGM
Optum,more-than-faang,,https://www.optum.in/about/careers.html,optum,,,moreThanFAANGM
Optym,more-than-faang,,https://optym.com/careers/,optym,,,moreThanFAANGM
Pazo,more-than-faang,,https://www.gopazo.com/,pazo gopazo,,,moreThanFAANGM
PeopleStrong,more-than-faang,,https://www.peoplestrong.com/careers/,peoplestrong,,,moreThanFAANGM
persistent systems,more-than-faang,,https://www.persistent.com/careers/,persistentsystems persistent-systems persistent,,,moreThanFAANGM
Phillips,more-than-faang,,https://www.careers.philips.com/professional/in/en,phillips philips,,,moreThanFAANGM
Playment,more-than-faang,,https://www.playment.io/careers,playment,,,moreThanFAANGM
priceline,more-than-faang,,https://careers.priceline.com/search,priceline,,,moreThanFAANGM
Principal,more-than-faang,,https://www.principal.com/about-us/careers/global-jobs,principal,,,moreThanFAANGM
Privado.ai,more-than-faang,,https://www.privado.ai,privadoai privado-ai privado,,,moreThanFAANGM
Providence Healthcare,more-than-faang,,https://www.providencehealthcare.org/careers,providencehealthcare providence-healthcare,,,moreThanFAANGM
Protegrity,more-than-faang,,https://jobs.lever.co/protegrity?location=Bengaluru,protegrity,lever,protegrity,moreThanFAANGM
Proximity Labs,more-than-faang,,https://www.proximity.tech/careers,proximitylabs proximity-labs proximity,,,moreThanFAANGM
Prodapt,more-than-faang,,https://www.prodapt.com/en/careers/,prodapt,,,moreThanFAANGM
Publicis Sapient,more-than-faang,,https://careers.publicissapient.com/,publicissapient publicis-sapient,,,moreThanFAANGM
PubMatic,more-than-faang,,https://pubmatic.com/careers/home/,pubmatic,,,moreThanFAANGM
QuickSell,more-than-faang,,https://www.linkedin.com/company/quicksell/jobs/,quicksell,,,moreThanFAANGM
Quora,more-than-faang,,https://www.quora.com/careers,quora,,,moreThanFAANGM
Ramp,more-than-faang,,https://ramp.com/careers,ramp,,,moreThanFAANGM
Reelo,more-than-faang,,https://angel.co/company/reelohq,reelo,,,moreThanFAANGM
Reprise,more-than-faang,,https://www.getreprise.com/careers/,reprise getreprise,,,moreThanFAANGM
Rocket Companies,more-than-faang,,https://www.myrocketcareer.com/,rocketcompanies rocket-companies myrocketcareer,,,moreThanFAANGM
Roku,more-than-faang,,https://www.weareroku.com/jobs/search,roku weareroku,,,moreThanFAANGM
Saavan,more-than-faang,,https://www.jiosaavn.com/corporate/jobs,saavan jiosaavn,,,moreThanFAANGM
Sabre corporation,more-than-faang,,https://www.sabre.com/careers/,sabrecorporation sabre-corporation sabre,,,moreThanFAANGM
SalaryBox,more-than-faang,,https://www.salarybox.in/careers,salarybox,,,moreThanFAANGM
Samsung,more-than-faang,,https://www.samsung.com/in/about-us/careers/,samsung,,,moreThanFAANGM
Schneider Electric,more-than-faang,,https://www.se.com/in/en/about-us/careers/overview.jsp,schneiderelectric schneider-electric se,,,moreThanFAANGM
SearchApi,more-than-faang,,https://www.searchapi.io/careers,searchapi,,,moreThanFAANGM
SendinBlue,more-than-faang,,https://jobs.sendinblue.com/en,sendinblue,,,moreThanFAANGM
SerpApi,more-than-faang,,https://serpapi.com/team,serpapi,,,moreThanFAANGM
Shaadi.com,more-than-faang,,https://www.naukri.com/,shaadicom shaadi-com naukri,,,moreThanFAANGM
Shell,more-than-faang,,https://www.shell.com/careers.html,shell,,,moreThanFAANGM
Shopee,more-than-faang,,https://careers.shopee.sg/,shopee,,,moreThanFAANGM
Shopify,more-than-faang,,https://www.shopify.com/careers,shopify,,,moreThanFAANGM
SkillVertex,more-than-faang,,https://www.linkedin.com/jobs/search/?f_C=75860188&geoId=92000000,skillvertex,,,moreThanFAANGM
Sling Media,more-than-faang,,https://www.linkedin.com/jobs/sling-media-jobs/?originalSubdomain=in,slingmedia sling-media,,,moreThanFAANGM
Smith Detection,more-than-faang,,https://www.smithsdetection.com/careers/,smithdetection smith-detection smithsdetection,,,moreThanFAANGM
Sureify,more-than-faang,,https://sureify.com/careers/,sureify,,,moreThanFAANGM
TATA Advanced Sysytems Ltd,more-than-faang,,https://www.tataadvancedsystems.com/careers.php,tataadvancedsysytemsltd tata-advanced-sysytems-ltd tataadvancedsystems,,,moreThanFAANGM
TATA nexarc,more-than-faang,,https://www.tatanexarc.com/careers/,tatanexarc tata-nexarc,,,moreThanFAANGM
TE Connectivity,more-than-faang,,https://careers.te.com/,teconnectivity te-connectivity te,,,moreThanFAANGM
TEK Systems,more-than-faang,,https://www.teksystems.com/en-in/careers,teksystems tek-systems,,,moreThanFAANGM
Tekion corp,more-than-faang,,https://tekion.com/careers,tekioncorp tekion-corp tekion,,,moreThanFAANGM
Tencent,more-than-faang,,"https://careers.tencent.com/en-us/search.html?query=ot_40001001,ot_40001002,ot_40001003,ot_40001004,ot_40001005,ot_40001006",tencent,,,moreThanFAANGM
Tesla,more-than-faang,,https://www.tesla.com/careers,tesla,,,moreThanFAANGM
TestingBot,more-than-faang,,https://testingbot.com/careers,testingbot,,,moreThanFAANGM
TSMC,more-than-faang,,https://www.tsmc.com/static/english/careers/index.htm,tsmc,,,moreThanFAANGM
ThoughtWorks,more-than-faang,,https://www.thoughtworks.com/careers/jobs,thoughtworks,,,moreThanFAANGM
Topcoder,more-than-faang,,https://www.topcoder.com/company/jobs/,topcoder,,,moreThanFAANGM
Treebo Hotels,more-than-faang,,https://www.linkedin.com/company/treebohotels/jobs/,treebohotels treebo-hotels,,,moreThanFAANGM
Turvo,more-than-faang,,https://turvo.com/careers/,turvo,,,moreThanFAANGM
Twitter,more-than-faang,,https://careers.twitter.com/,twitter,,,moreThanFAANGM
Ultimate Kronos Group,more-than-faang,,https://careers.ukg.com/,ultimatekronosgroup ultimate-kronos-group ukg,,,moreThanFAANGM
unacadamy,more-than-faang,,https://unacademy.com/careers,unacadamy unacademy,,,moreThanFAANGM
Unisys,more-than-faang,,https://jobs.unisys.com/us/en,unisys,,,moreThanFAANGM
Upwork,more-than-faang,,https://www.upwork.com/careers,upwork,,,moreThanFAANGM
Valuefy,more-than-faang,,https://valuefy-solutions.breezy.hr/,valuefy valuefy-solutions,breezy,valuefy-solutions,moreThanFAANGM
Viasat,more-than-faang,,https://careers.viasat.com/,viasat,,,moreThanFAANGM
Vicara,more-than-faang,,https://vicara.ch/careers/,vicara,,,moreThanFAANGM
Vmware,more-than-faang,,https://careers.vmware.com/main/,vmware,,,moreThanFAANGM
Vogo,more-than-faang,,https://vogo.in/careers/,vogo,,,moreThanFAANGM
Walmart,more-than-faang,,https://careers.walmart.com/technology,walmart,,,moreThanFAANGM
Warner Bros.,more-than-faang,,https://warnermediacareers.com/warner-bros-jobs,warnerbros warner-bros warnermediacareers,,,moreThanFAANGM
Wells Fargo,more-than-faang,,https://www.wellsfargo.com/about/careers/,wellsfargo wells-fargo,,,moreThanFAANGM
Western Digital,more-than-faang,,https://jobs.westerndigital.com/,westerndigital western-digital,,,moreThanFAANGM
Wooqer,more-than-faang,,https://wooqer.com/careers/,wooqer,,,moreThanFAANGM
Xiaomi,more-than-faang,,https://xiaomi.app.param.ai/jobs/,xiaomi,,,moreThanFAANGM
Xicom Technologies,more-than-faang,,https://www.xicom.biz/careers/,xicomtechnologies xicom-technologies xicom,,,moreThanFAANGM
Yahoo,more-than-faang,,https://research.yahoo.com/careers,yahoo research,,,moreThanFAANGM
yugabyte,more-than-faang,,https://www.yugabyte.com/careers/,yugabyte,,,moreThanFAANGM
Yulu Bikes,more-than-faang,,https://www.yulu.bike/careers/,yulubikes yulu-bikes yulu,,,moreThanFAANGM
YeasiTech,more-than-faang,,https://www.yeasitech.com/career,yeasitech,,,moreThanFAANGM
ZS,more-than-faang,,https://jobs.zs.com/all/jobs,zs,,,moreThanFAANGM
1 mg,more-than-faang,,https://www.1mg.com/jobs,1mg 1-mg,,,moreThanFAANGM
3i Infotech,more-than-faang,,https://www.3i-infotech.com/careers/,3iinfotech 3i-infotech,,,moreThanFAANGM
4i Apps,more-than-faang,,https://www.4iapps.com/careers/#jobs,4iapps 4i-apps,,,moreThanFAANGM
314e Corporation,more-than-faang,,https://www.314e.com/,314ecorporation 314e-corporation 314e,,,moreThanFAANGM
[24]7.ai,more-than-faang,,https://www.247.ai/company/careers,247ai 24-7-ai 247,,,moreThanFAANGM
100x,yc-india,Bengaluru,https://100x.bot?utm_source=inbound&utm_medium=bookface&utm_campaign=yc&utm_id=122,100x,,,yc:Summer 2022
AccioJob,yc-india,Gurugram,https://acciojob.com,acciojob,,,yc:Winter 2019
Advantage Club,yc-india,Gurugram,https://www.advantageclub.co,advantageclub advantage-club,,,yc:Summer 2021
AlgoSurg Inc,yc-india,MH,http://www.algosurg.com,algosurginc algosurg-inc algosurg,,,yc:Winter 2018
AlgoTest,yc-india,Delhi,https://algotest.in,algotest,,,yc:Summer 2022
AlgoUniversity,yc-india,Hyderabad,http://algouniversity.com/,algouniversity,,,yc:Summer 2021
Apollo,yc-india,Bengaluru,https://www.apollofirst.xyz/,apollo apollofirst apollo-3,,,yc:Winter 2022
AppX,yc-india,New Delhi,https://appx.co.in,appx,,,yc:Summer 2021
BentoLabs AI,yc-india,Bengaluru,https://bentolabs.ai/,bentolabsai bentolabs-ai bentolabs,,,yc:Spring 2026
Better Opinions,yc-india,Bengaluru,https://betteropinions.in/,betteropinions better-opinions,,,yc:Winter 2022
Betterhalf,yc-india,Bengaluru,https://betterhalf.ai,betterhalf,,,yc:Winter 2021
Bikry,yc-india,Noida,https://bikry.com/,bikry,,,yc:Winter 2020
Bimaplan,yc-india,Bengaluru,https://www.bimaplan.co,bimaplan,,,yc:Winter 2021
Binks,yc-india,Bengaluru,https://getbinks.com/,binks getbinks,,,yc:Summer 2019
Bulk MRO Industrial Supply,yc-india,Mumbai,http://www.bulkmro.com,bulkmroindustrialsupply bulk-mro-industrial-supply bulkmro,,,yc:Winter 2017
BusinessOnBot,yc-india,Bengaluru,https://www.businessonbot.com/,businessonbot,,,yc:Winter 2021
Cardboard,yc-india,Bengaluru,https://cardboard.ai,cardboard,,,yc:Winter 2026
CashBook,yc-india,Bengaluru,https://cashbook.in,cashbook,,,yc:Winter 2021
Cityfurnish,yc-india,New Delhi,https://cityfurnish.com/,cityfurnish,,,yc:Winter 2019
ClickPe,yc-india,Surat,https://clickpe.ai/,clickpe,,,yc:Winter 2023
Clinikally,yc-india,Gurugram,https://www.clinikally.com/,clinikally,,,yc:Summer 2022
Clueso,yc-india,Bengaluru,https://clueso.io,clueso,,,yc:Winter 2023
Codingal,yc-india,Bengaluru,https://www.codingal.com/?utm_source=yc,codingal,,,yc:Winter 2021
CompUp,yc-india,Bengaluru,https://www.compup.io,compup,,,yc:Summer 2022
Cone,yc-india,Hyderabad,https://www.getcone.io,cone getcone,,,yc:Summer 2022
CORE,yc-india,Bengaluru,https://getcore.me,core getcore heysol,,,yc:Summer 2023
Coulomb AI,yc-india,Bengaluru,https://coulomb.ai/,coulombai coulomb-ai coulomb,,,yc:Summer 2021
Coupl,yc-india,Bengaluru,https://coupl.money/,coupl,,,yc:Summer 2022
Cradle,yc-india,Bengaluru,https://www.cradlefinance.com,cradle cradlefinance,,,yc:Summer 2020
Craze,yc-india,Mumbai,https://www.craze.ai/?utm_source=yc,craze,,,yc:Summer 2022
Digi-Prex,yc-india,Hyderabad,http://www.digi-prex.com/,digiprex digi-prex,,,yc:Summer 2019
Dockup,yc-india,Bengaluru,https://getdockup.com/,dockup getdockup,,,yc:Winter 2019
DocVita,yc-india,Bengaluru,https://docvita.com,docvita,,,yc:Winter 2020
Dost Education,yc-india,Delhi,http://www.dosteducation.com/,dosteducation dost-education,,,yc:Winter 2017
DrDroid,yc-india,Bengaluru,https://drdroid.io/,drdroid,,,yc:Winter 2023
Drip Capital,yc-india,MH,http://dripcapital.com,dripcapital drip-capital,,,yc:Summer 2015
EduRev,yc-india,Chandigarh,http://edurev.in,edurev,,,yc:Winter 2020
Edyst,yc-india,Hyderabad,https://edyst.com,edyst,,,yc:Winter 2019
Enerjazz,yc-india,Berlin,https://www.enerjazz.tech/,enerjazz,,,yc:Summer 2021
EthosX,yc-india,Claymont,https://www.ethosx.finance/,ethosx,,,yc:Summer 2022
Explorex,yc-india,Bengaluru,https://explorex.co,explorex,,,yc:Summer 2020
Farmako Healthcare,yc-india,Gurugram,https://farmako.ai,farmakohealthcare farmako-healthcare farmako,,,yc:Summer 2020
farmtheory,yc-india,Bengaluru,http://farmtheory.in/,farmtheory,,,yc:Winter 2020
Fieldproxy,yc-india,Chennai,http://fieldproxy.ai/,fieldproxy,,,yc:Winter 2022
FifthTry,yc-india,Bengaluru,https://www.FifthTry.com,fifthtry,,,yc:Winter 2021
FlatX,yc-india,Bengaluru,https://www.flatx.co/,flatx,,,yc:Summer 2022
Floworks,yc-india,Bengaluru,https://floworks.ai/,floworks,,,yc:Winter 2023
Flux Auto,yc-india,Bengaluru,https://fluxauto.ai,fluxauto flux-auto,,,yc:Winter 2021
FrontPage,yc-india,Bengaluru,https://front.page,frontpage front,,,yc:Summer 2021
GimBooks,yc-india,Raipur,https://gimbooks.com/,gimbooks,,,yc:Winter 2021
GoLorry,yc-india,Hyderabad,http://www.golorry.com,golorry,,,yc:Winter 2016
GoSats,yc-india,Dubai,https://gosats.io,gosats,,,yc:Winter 2022
GroMo,yc-india,Gurugram,https://www.gromo.in,gromo,,,yc:Winter 2021
Gullak Money,yc-india,Bengaluru,https://gullak.money,gullakmoney gullak-money gullak,,,yc:Summer 2022
Helloverify,yc-india,Noida,https://www.helloverify.ae,helloverify,,,yc:Winter 2018
Hiration,yc-india,New Delhi,https://www.hiration.com/,hiration,,,yc:Winter 2020
IMT Care,yc-india,MH,https://www.imt.care,imtcare imt-care imt,,,yc:Winter 2022
Infer,yc-india,Bengaluru,https://www.infer.so/,infer,,,yc:Summer 2021
InferEdge,yc-india,MH,https://www.inferedge.com,inferedge,,,yc:Winter 2022
Infinity,yc-india,Bengaluru,https://www.infinityapp.in/,infinity infinityapp,,,yc:Winter 2024
Inito,yc-india,Bengaluru,https://www.inito.com/,inito,,,yc:Winter 2019
Ivy Homes,yc-india,Bengaluru,https://ivy.homes,ivyhomes ivy-homes ivy,,,yc:Summer 2021
Kaagaz,yc-india,Gurugram,https://kaagaz.app,kaagaz,,,yc:Winter 2022
Kailash Labs,yc-india,Bengaluru,https://www.kailashlabs.com/,kailashlabs kailash-labs,,,yc:Fall 2026
Kalam Labs,yc-india,India,http://www.kalamlabs.in,kalamlabs kalam-labs,,,yc:Summer 2021
Karbon Card,yc-india,Bengaluru,https://www.karboncard.com/,karboncard karbon-card,,,yc:Summer 2021
Kodo,yc-india,MH,https://www.kodo.com,kodo,,,yc:Winter 2021
Kosh,yc-india,Gurugram,https://getkosh.com,kosh getkosh,,,yc:Winter 2020
Koshex,yc-india,Bengaluru,https://www.koshex.com,koshex,,,yc:Summer 2021
Landeed,yc-india,Hyderabad,https://www.landeed.com/,landeed,,,yc:Summer 2022
marketfeed,yc-india,Bengaluru,https://marketfeed.com,marketfeed,,,yc:Summer 2021
Markov,yc-india,Bengaluru,https://www.markovstudios.com/,markov markovstudios,,,yc:Summer 2026
Material Depot,yc-india,Bengaluru,https://materialdepot.in/,materialdepot material-depot,,,yc:Winter 2022
Maya Labs,yc-india,Bengaluru,https://mayalabs.io,mayalabs maya-labs,,,yc:Summer 2022
"MedPiper Technologies, Inc",yc-india,Bengaluru,https://www.medpiper.com,medpipertechnologiesinc medpiper-technologies-inc medpiper,,,yc:Summer 2020
Morphle Labs,yc-india,Bengaluru,https://morphlelabs.com,morphlelabs morphle-labs,,,yc:Winter 2020
MySivi,yc-india,Bengaluru,https://www.mysivi.ai/,mysivi,,,yc:Winter 2022
National Finance Olympiad,yc-india,Bengaluru,https://www.nationalfinanceolympiad.com,nationalfinanceolympiad national-finance-olympiad,,,yc:Winter 2022
Novatr,yc-india,Gurugram,https://www.novatr.com,novatr,,,yc:Summer 2021
ODWEN,yc-india,Delhi,https://www.odwen.co.in,odwen,,,yc:Summer 2021
OneFin,yc-india,Bengaluru,https://www.onefin.in,onefin,,,yc:Winter 2017
Optifye.ai,yc-india,New Delhi,https://www.optifye.ai,optifyeai optifye-ai optifye,,,yc:Winter 2025
Orangewood Labs,yc-india,San Francisco,http://www.orangewood.co,orangewoodlabs orangewood-labs orangewood,,,yc:Winter 2018
Paasa,yc-india,Gurugram,https://paasa.com,paasa,,,yc:Summer 2024
PayCrunch,yc-india,Bengaluru,https://paycrunch.in,paycrunch,,,yc:Winter 2022
Peoplebox.ai,yc-india,Bengaluru,https://www.peoplebox.ai,peopleboxai peoplebox-ai peoplebox,,,yc:Summer 2022
Perseus,yc-india,Bengaluru,https://perseus.computer,perseus,,,yc:Fall 2025
Pragmatic Leaders (Ankai Inc),yc-india,Gurugram,"https://pragmaticleaders.io, https://ostronaut.com",pragmaticleadersankaiinc pragmatic-leaders-ankai-inc pragmaticleaders,,,yc:Winter 2021
PrimeVault,yc-india,Bengaluru,https://www.primevault.com,primevault,,,yc:Summer 2022
Pulse Active Stations Network,yc-india,India,http://www.getpulse.in/,pulseactivestationsnetwork pulse-active-stations-network getpulse,,,yc:Winter 2019
Raven,yc-india,Bengaluru,https://startraven.com,raven startraven,,,yc:Summer 2022
RDash,yc-india,Gurugram,https://www.rdash.io,rdash,,,yc:Winter 2022
Reclaim Protocol,yc-india,Hyderabad,https://reclaimprotocol.org,reclaimprotocol reclaim-protocol,,,yc:Winter 2021
RecordBook,yc-india,Bengaluru,https://play.google.com/store/apps/details?id=com.foodmonk.rekordapp,recordbook play,,,yc:Winter 2022
RedBrick AI,yc-india,Claymont,https://redbrickai.com,redbrickai redbrick-ai,,,yc:Winter 2022
RedCarpetUp,yc-india,Gurugram,http://redcarpetup.com,redcarpetup,,,yc:Summer 2015
Redcliffe Lifetech,yc-india,Delhi,http://redcliffelabs.com,redcliffelifetech redcliffe-lifetech redcliffelabs,,,yc:Winter 2021
Ressl AI,yc-india,Bengaluru,https://ressl.ai,resslai ressl-ai ressl,,,yc:Winter 2026
Retape,yc-india,Bengaluru,https://www.retape.ai/,retape,,,yc:Winter 2023
Rivia.AI,yc-india,Bengaluru,https://rivia.ai,riviaai rivia-ai rivia,,,yc:Summer 2021
RocketSDR,yc-india,Bengaluru,https://rocketsdr.ai,rocketsdr,,,yc:Winter 2021
Rowboat Labs,yc-india,Bengaluru,https://www.rowboatlabs.com,rowboatlabs rowboat-labs,,,yc:Summer 2024
SalaryBook,yc-india,Bengaluru,https://salarybook.co.in/,salarybook,,,yc:Summer 2021
SALT,yc-india,Bengaluru,https://salt.pe,salt,,,yc:Winter 2022
Sanitation and Health Rights in India (SHRI),yc-india,Boston,http://www.sanrights.org,sanitationandhealthrightsinindiashri sanitation-and-health-rights-in-india-shri sanrights,,,yc:Winter 2016
SaveIN,yc-india,Delhi,https://www.savein.money/,savein,,,yc:Winter 2022
Sculpt,yc-india,Pune,https://www.sculptcosting.com/,sculpt sculptcosting,,,yc:Summer 2022
Skill-lync,yc-india,Chennai,http://skill-lync.com,skilllync skill-lync,,,yc:Winter 2019
Slidely AI,yc-india,Bengaluru,https://slidely.ai/,slidelyai slidely-ai slidely,,,yc:Summer 2022
SpadeWorks,yc-india,Hyderabad,https://www.spadeworks.co,spadeworks,,,yc:Winter 2022
Spark Studio,yc-india,Bengaluru,https://sparkstudio.co,sparkstudio spark-studio,,,yc:Summer 2021
Spenny,yc-india,Bengaluru,http://spennyapp.com,spenny spennyapp,,,yc:Winter 2020
StayQrious,yc-india,Bengaluru,https://StayQrious.com,stayqrious,,,yc:Winter 2020
Stownest,yc-india,Bengaluru,https://stownest.com,stownest,,,yc:Summer 2021
SuperAPI,yc-india,Bengaluru,https://trysuperapi.com,superapi trysuperapi,,,yc:Winter 2023
SuperKalam,yc-india,Bengaluru,https://superkalam.com,superkalam,,,yc:Winter 2023
SureBright,yc-india,New Delhi,https://surebright.com/,surebright,,,yc:Summer 2024
Swadesh,yc-india,New York City,http://www.swadesh.co,swadesh,,,yc:Summer 2019
Swadesi Way,yc-india,Delhi,https://swadesiway.com/,swadesiway swadesi-way,,,yc:Winter 2021
Swipe,yc-india,Hyderabad,https://getswipe.in,swipe getswipe swipe-2,,,yc:Summer 2021
Taali Inc,yc-india,Mumbai,https://www.taalifoods.com/,taaliinc taali-inc taalifoods,,,yc:Winter 2019
TagMango,yc-india,Kolkata,https://www.tagmango.com,tagmango,,,yc:Winter 2020
Tilt,yc-india,Bengaluru,https://tilt.bike/,tilt tilt-2,,,yc:Winter 2021
Unschool,yc-india,Hyderabad,https://www.unschool.in/,unschool,,,yc:Winter 2021
UrbanKisaan,yc-india,Hyderabad,https://www.urbankisaan.com,urbankisaan,,,yc:Winter 2020
Veera Health,yc-india,MH,https://www.veerahealth.com,veerahealth veera-health,,,yc:Winter 2021
Voosh,yc-india,Bengaluru,https://voosh.ai/,voosh,,,yc:Winter 2021
WareIQ,yc-india,Bengaluru,https://www.wareiq.com/,wareiq,,,yc:Summer 2020
Waybill,yc-india,Gurugram,https://www.waybill.to/,waybill,,,yc:Summer 2026
Weekday,yc-india,Bengaluru,https://weekday.works,weekday,,,yc:Winter 2021
"Wifi Dabba, Inc.",yc-india,Bengaluru,https://dabba.com,wifidabbainc wifi-dabba-inc dabba,,,yc:Winter 2017
xPay,yc-india,Bengaluru,https://www.xpaycheckout.com/,xpay xpaycheckout,,,yc:Winter 2024
Yenmo,yc-india,Bengaluru,https://yenmo.in/,yenmo,,,yc:Winter 2024
Zealth,yc-india,Bengaluru,https://zealth-ai.com/,zealth zealth-ai,,,yc:Winter 2021
Zeo Route Planner,yc-india,San Francisco,https://zeorouteplanner.com,zeorouteplanner zeo-route-planner,,,yc:Winter 2020
ZiffyHomes,yc-india,Gurugram,https://www.ziffyhomes.com/,ziffyhomes,,,yc:Summer 2018
10x Science,yc-remote,Remote,https://10xscience.com,10xscience 10x-science,,,yc:Winter 2026
99minutos,yc-remote,Remote,https://99minutos.com,99minutos,,,yc:Winter 2020
Abacum,yc-remote,Remote,https://www.abacum.ai/,abacum,,,yc:Winter 2021
Accord,yc-remote,Remote,https://inaccord.com,accord inaccord,,,yc:Winter 2020
Acely,yc-remote,Remote,https://acely.com,acely,,,yc:Winter 2018
Activeloop,yc-remote,Remote,https://activeloop.ai/,activeloop,,,yc:Summer 2018
Adentris,yc-remote,Remote,https://www.adentris.com,adentris,,,yc:Spring 2025
Adialante,yc-remote,Remote,http://www.adialante.com,adialante,,,yc:Spring 2026
adyn,yc-remote,Remote,https://adyn.com,adyn,,,yc:Summer 2020
Afriex,yc-remote,Remote,https://www.afriexapp.com,afriex afriexapp,,,yc:Summer 2020
Agapé,yc-remote,Remote,https://www.getdailyagape.com,agap getdailyagape agape,,,yc:Summer 2021
Agave,yc-remote,Remote,https://www.useagave.com,agave useagave,,,yc:Winter 2022
AgileMD,yc-remote,Remote,https://agilemd.com,agilemd,,,yc:Summer 2011
Aglide,yc-remote,Remote,https://aglide.com,aglide,,,yc:Summer 2023
AIOS,yc-remote,Remote,https://www.aiosmedical.com/,aios aiosmedical,,,yc:Winter 2020
AiPrise,yc-remote,Remote,https://aiprise.com/,aiprise,,,yc:Summer 2022
Airhart Aeronautics,yc-remote,Remote,https://www.airhartaero.com/,airhartaeronautics airhart-aeronautics airhartaero,,,yc:Summer 2022
AirMyne,yc-remote,Remote,http://www.airmyne.com,airmyne,,,yc:Winter 2022
AIVideo.com,yc-remote,Remote,https://aivideo.com,aivideocom aivideo-com aivideo,,,yc:Summer 2023
Akute Health,yc-remote,Remote,https://www.akutehealth.com,akutehealth akute-health,,,yc:Summer 2021
Albedo,yc-remote,Remote,https://albedo.com,albedo,,,yc:Winter 2021
AlemHealth,yc-remote,Remote,https://www.alemhealth.com,alemhealth,,,yc:Winter 2017
Aleph,yc-remote,Remote,https://getaleph.com/,aleph getaleph,,,yc:Summer 2021
Algolia,yc-remote,Remote,http://www.algolia.com,algolia,,,yc:Winter 2014
Alguna,yc-remote,Remote,https://alguna.com,alguna,,,yc:Summer 2023
Allus AI,yc-remote,Remote,https://allus.ai,allusai allus-ai allus,,,yc:Fall 2025
Alpaca,yc-remote,Remote,https://alpaca.markets/,alpaca,,,yc:Winter 2019
Alpha Vantage,yc-remote,Remote,https://www.alphavantage.co/,alphavantage alpha-vantage,,,yc:Summer 2018
Ambient.ai,yc-remote,Remote,https://ambient.ai,ambientai ambient-ai ambient,,,yc:Winter 2017
Amboras,yc-remote,Remote,https://amboras.com,amboras,,,yc:Spring 2026
Amplitude,yc-remote,Remote,https://amplitude.com,amplitude,,,yc:Winter 2012
Anara,yc-remote,Remote,https://anara.com,anara,,,yc:Summer 2024
Andy AI,yc-remote,Remote,https://with-andy.com,andyai andy-ai with-andy,,,yc:Winter 2024
Anima,yc-remote,Remote,http://www.animahealth.com,anima animahealth,,,yc:Winter 2021
Ankr Health,yc-remote,Remote,https://ankr.us,ankrhealth ankr-health ankr,,,yc:Winter 2022
AnswerThis,yc-remote,Remote,https://answerthis.io/,answerthis,,,yc:Fall 2025
AON3D,yc-remote,Remote,https://www.aon3d.com,aon3d,,,yc:Winter 2017
Apero Health,yc-remote,Remote,https://www.aperohealth.com,aperohealth apero-health,,,yc:Summer 2019
Apollo.io,yc-remote,Remote,https://www.apollo.io/,apolloio apollo-io apollo,,,yc:Winter 2016
AptDeco,yc-remote,Remote,https://www.aptdeco.com/,aptdeco,,,yc:Winter 2014
Aqua,yc-remote,Remote,https://www.investwithaqua.com,aqua investwithaqua,,,yc:Summer 2021
Aragorn AI,yc-remote,Remote,https://www.aragorn.ai,aragornai aragorn-ai aragorn,,,yc:Summer 2022
ArchForm,yc-remote,Remote,http://archform.com,archform,,,yc:Winter 2018
ArchiLabs,yc-remote,Remote,https://archilabs.ai,archilabs,,,yc:Fall 2024
Arketa,yc-remote,Remote,https://arketa.com,arketa,,,yc:Summer 2020
Arlo Industries,yc-remote,Remote,https://arlo1.com/,arloindustries arlo-industries arlo1,,,yc:Spring 2026
ARQ,yc-remote,Remote,https://www.arqfinance.com/,arq arqfinance,,,yc:Summer 2021
Artisan,yc-remote,Remote,https://artisan.co/?utm_source=ycombinator,artisan,,,yc:Winter 2024
Aseon Labs,yc-remote,Remote,https://www.aseonlabs.com/,aseonlabs aseon-labs,,,yc:Spring 2026
Asha Health,yc-remote,Remote,https://asha.health,ashahealth asha-health asha,,,yc:Fall 2024
Ashby,yc-remote,Remote,https://www.ashbyhq.com,ashby,,,yc:Winter 2019
Aside,yc-remote,Remote,https://aside.com,aside,,,yc:Fall 2025
Asimov,yc-remote,Remote,https://tryasimov.ai/,asimov tryasimov,,,yc:Winter 2026
Aspire,yc-remote,Remote,https://aspireapp.com,aspire aspireapp,,,yc:Winter 2018
Assembly HOA,yc-remote,Remote,https://assemblyhoa.com,assemblyhoa assembly-hoa,,,yc:Summer 2024
AssemblyAI,yc-remote,Remote,https://www.assemblyai.com,assemblyai,,,yc:Summer 2017
Athelas,yc-remote,Remote,http://athelas.com,athelas,,,yc:Summer 2016
Atlas,yc-remote,Remote,https://atlas.kitchen,atlas,,,yc:Summer 2021
AtoB,yc-remote,Remote,https://atob.com/,atob,,,yc:Summer 2020
Atomic,yc-remote,Remote,https://www.atomicvest.com/,atomic atomicvest,,,yc:Summer 2020
Atomic Industries,yc-remote,Remote,http://atomic.industries,atomicindustries atomic-industries atomic,,,yc:Winter 2021
Attack Capital,yc-remote,Remote,https://attack.capital/,attackcapital attack-capital attack,,,yc:Winter 2022
Attain,yc-remote,Remote,https://joinattain.com/,attain joinattain,,,yc:Winter 2022
Authologic,yc-remote,Remote,https://authologic.com,authologic,,,yc:Winter 2021
authzed,yc-remote,Remote,https://authzed.com,authzed,,,yc:Winter 2021
Autonomous Technologies Group,yc-remote,Remote,https://becomeautonomous.com/,autonomoustechnologiesgroup autonomous-technologies-group becomeautonomous,,,yc:Fall 2025
Avent,yc-remote,Remote,https://www.aventindustrial.com,avent aventindustrial,,,yc:Summer 2025
AviaryAI,yc-remote,Remote,http://www.helloaviary.ai,aviaryai helloaviary,,,yc:Summer 2022
Aviator,yc-remote,Remote,https://aviator.co,aviator,,,yc:Summer 2021
Axel Travel,yc-remote,Remote,https://helloaxel.com/,axeltravel axel-travel helloaxel,,,yc:Winter 2019
Axross Pte Ltd,yc-remote,Remote,https://www.axross.co/,axrosspteltd axross-pte-ltd axross,,,yc:Winter 2022
Azalea Robotics Corporation,yc-remote,Remote,https://azalearobotics.com/,azalearoboticscorporation azalea-robotics-corporation azalearobotics,,,yc:Summer 2024
Baraka,yc-remote,Remote,https://www.getbaraka.com/,baraka getbaraka,,,yc:Summer 2021
Beacons,yc-remote,Remote,https://beacons.ai/,beacons,,,yc:Summer 2019
Beam,yc-remote,Remote,https://beam.cloud,beam,,,yc:Winter 2022
BeGo,yc-remote,Remote,http://www.bego.ai,bego be-go,,,yc:Winter 2020
BelozFi,yc-remote,Remote,https://www.belozfi.com.mx/,belozfi,,,yc:Winter 2022
Belvo,yc-remote,Remote,https://belvo.com,belvo,,,yc:Winter 2020
Bemlo,yc-remote,Remote,https://www.bemlo.com/en,bemlo,,,yc:Winter 2022
Benepass,yc-remote,Remote,http://www.getbenepass.com,benepass getbenepass,,,yc:Winter 2020
Berry,yc-remote,Remote,https://berryai.com/,berry berryai,,,yc:Winter 2023
BetterBasket,yc-remote,Remote,http://www.betterbasket.com,betterbasket,,,yc:Winter 2024
BillionToOne,yc-remote,Remote,https://www.billiontoone.com,billiontoone,,,yc:Summer 2017
Biodock,yc-remote,Remote,https://www.biodock.ai,biodock,,,yc:Winter 2021
BioRender,yc-remote,Remote,https://www.biorender.com,biorender,,,yc:Winter 2018
Bitmovin,yc-remote,Remote,http://bitmovin.com,bitmovin,,,yc:Summer 2015
Blaze,yc-remote,Remote,https://blaze.money,blaze blaze-2,,,yc:Summer 2024
Blee,yc-remote,Remote,https://www.blee.com,blee,,,yc:Summer 2022
Blink,yc-remote,Remote,https://blink.new,blink blink-new,,,yc:Winter 2022
Blissway,yc-remote,Remote,https://www.blissway.com/,blissway,,,yc:Summer 2020
Bloom,yc-remote,Remote,https://bloom.diy/,bloom bloom-4,,,yc:Spring 2025
Bloom Institute of Technology,yc-remote,Remote,https://www.bloomtech.com,bloominstituteoftechnology bloom-institute-of-technology bloomtech,,,yc:Summer 2017
Blue Onion,yc-remote,Remote,https://www.blueonion.ai/,blueonion blue-onion,,,yc:Summer 2020
BlueCargo,yc-remote,Remote,http://www.bluecargo.io/,bluecargo,,,yc:Summer 2018
BlueHill Payments,yc-remote,Remote,https://www.useBlueHill.com/,bluehillpayments bluehill-payments usebluehill,,,yc:Summer 2022
borong,yc-remote,Remote,https://www.borong.com/,borong,,,yc:Winter 2020
Bot MD,yc-remote,Remote,https://www.botmd.io,botmd bot-md,,,yc:Summer 2018
Bountiful,yc-remote,Remote,https://bountiful.ag/,bountiful,,,yc:Winter 2017
Bree,yc-remote,Remote,https://www.trybree.com/,bree trybree,,,yc:Summer 2021
Broccoli AI,yc-remote,Remote,https://www.broccoli.com/,broccoliai broccoli-ai broccoli,,,yc:Winter 2022
Brumby (Formerly GrazeMate),yc-remote,Remote,https://brumby,brumbyformerlygrazemate brumby-formerly-grazemate brumby,,,yc:Winter 2026
BuildBuddy,yc-remote,Remote,https://buildbuddy.io,buildbuddy,,,yc:Winter 2020
Bunkerhill Health,yc-remote,Remote,http://bunkerhillhealth.com,bunkerhillhealth bunkerhill-health,,,yc:Winter 2019
Buoyant Aero,yc-remote,Remote,https://www.buoyant.aero,buoyantaero buoyant-aero buoyant,,,yc:Summer 2021
Callab AI,yc-remote,Remote,https://callab.ai,callabai callab-ai callab,,,yc:Spring 2026
Cambio,yc-remote,Remote,https://www.cambio.ai/,cambio cambio-2,,,yc:Summer 2022
Canary Technologies,yc-remote,Remote,https://www.canarytechnologies.com,canarytechnologies canary-technologies,,,yc:Summer 2018
Canix,yc-remote,Remote,https://www.canix.com/,canix,,,yc:Summer 2019
Capi Money,yc-remote,Remote,https://www.capimoney.com,capimoney capi-money,,,yc:Summer 2023
Capitol AI,yc-remote,Remote,https://www.capitol.ai/,capitolai capitol-ai capitol,,,yc:Summer 2024
CaptivateIQ,yc-remote,Remote,https://www.captivateiq.com,captivateiq,,,yc:Winter 2018
CarbonChain,yc-remote,Remote,https://carbonchain.com,carbonchain,,,yc:Summer 2020
Careforce,yc-remote,Remote,https://careforce.ai/,careforce,,,yc:Fall 2024
Cargo,yc-remote,Remote,https://getcargo.io,cargo getcargo,,,yc:Summer 2023
Carma,yc-remote,Remote,https://www.joincarma.com/,carma joincarma,,,yc:Winter 2024
Cartage,yc-remote,Remote,https://cartage.ai,cartage,,,yc:Summer 2024
Castle,yc-remote,Remote,https://castle.io,castle castle-2,,,yc:Winter 2016
Cedana,yc-remote,Remote,https://cedana.ai,cedana,,,yc:Summer 2023
Cekura,yc-remote,Remote,https://www.cekura.ai/,cekura cekura-ai,,,yc:Fall 2024
Centaur,yc-remote,Remote,https://centaur.ai/,centaur,,,yc:Winter 2019
Centralize,yc-remote,Remote,https://www.usecentralize.com/,centralize usecentralize,,,yc:Winter 2024
CharacterQuilt,yc-remote,Remote,https://characterquilt.com,characterquilt,,,yc:Spring 2026
Checkr,yc-remote,Remote,http://www.checkr.com,checkr,,,yc:Summer 2014
Cinder,yc-remote,Remote,https://cinder.ai,cinder cinder-2,,,yc:Winter 2022
Circle Medical,yc-remote,Remote,https://circlemedical.com,circlemedical circle-medical,,,yc:Summer 2015
CircuitHub,yc-remote,Remote,https://circuithub.com,circuithub,,,yc:Winter 2012
ClaimSorted,yc-remote,Remote,https://claimsorted.com,claimsorted,,,yc:Summer 2024
ClassDojo,yc-remote,Remote,http://www.classdojo.com,classdojo,,,yc:Summer 2012
Clearly AI,yc-remote,Remote,https://clearly-ai.com,clearlyai clearly-ai,,,yc:Summer 2024
Clipboard,yc-remote,Remote,https://www.clipboardworks.com/careers,clipboard clipboardworks,,,yc:Winter 2017
Closure,yc-remote,Remote,https://closure-intel.com/,closure closure-intel,,,yc:Winter 2025
Cloudglue,yc-remote,Remote,https://cloudglue.dev,cloudglue,,,yc:Summer 2024
Coba,yc-remote,Remote,https://www.coba.ai,coba,,,yc:Summer 2023
CodeAnt AI,yc-remote,Remote,https://codeant.ai/,codeantai codeant-ai codeant,,,yc:Winter 2024
Coderhouse,yc-remote,Remote,https://www.coderhouse.com/,coderhouse,,,yc:Winter 2021
Cofactr,yc-remote,Remote,https://www.cofactr.com/,cofactr,,,yc:Winter 2022
Cogram,yc-remote,Remote,https://cogram.com,cogram,,,yc:Winter 2022
Coinrule,yc-remote,Remote,https://coinrule.com/,coinrule,,,yc:Summer 2021
CoinTracker,yc-remote,Remote,https://cointracker.com,cointracker,,,yc:Winter 2018
Collectly,yc-remote,Remote,http://collectly.co/,collectly,,,yc:Winter 2017
Community Phone Company,yc-remote,Remote,https://www.communityphone.org/,communityphonecompany community-phone-company communityphone,,,yc:Winter 2019
Complir,yc-remote,Remote,https://complir.io/,complir,,,yc:Spring 2026
Compose.ai,yc-remote,Remote,https://compose.ai,composeai compose-ai compose,,,yc:Winter 2021
Concourse,yc-remote,Remote,https://concourse.ai/,concourse,,,yc:Winter 2023
Conduit,yc-remote,Remote,http://helloconduit.com,conduit helloconduit,,,yc:Winter 2023
Consus,yc-remote,Remote,https://www.consus.io,consus,,,yc:Fall 2024
Contrario,yc-remote,Remote,https://contrario.ai,contrario,,,yc:Winter 2025
Coperniq,yc-remote,Remote,https://coperniq.io,coperniq,,,yc:Winter 2023
Corgea,yc-remote,Remote,https://www.corgea.com/,corgea,,,yc:Summer 2023
Coris,yc-remote,Remote,https://coris.ai/,coris,,,yc:Summer 2022
